"ActionID","BatchNumber","Category","ActionType","SourcePath","DestinationPath","ScopeDescription","Rationale","VerificationMethod","ValidationStatus","CommitHash","RiskLevel","Notes"
"ACT-001","1","Symbol Modernization","SYMBOL_REFACTOR","frontend/src/controllers/PersonnelPortfolioController.js","frontend/src/controllers/PersonnelPortfolioController.js","Modernize submitToDepSec to submitToDean","Institutional terminology reconciliation with Dean workflow","Vitest + Build + Lint","PASSED","48576f0","LOW","Replaced deprecated submitToDepSec symbol with submitToDean"
"ACT-002","1","Symbol Modernization","SYMBOL_REFACTOR","frontend/src/hooks/usePersonnelPortfolio.js","frontend/src/hooks/usePersonnelPortfolio.js","Modernize submitToDepSec to submitToDean hook export","Match controller terminology","Vitest + Build + Lint","PASSED","48576f0","LOW","Export submitToDean"
"ACT-003","1","Symbol Modernization","SYMBOL_REFACTOR","frontend/src/pages/personnel/PersonnelPortfolioEditPage.jsx","frontend/src/pages/personnel/PersonnelPortfolioEditPage.jsx","Update portfolio edit page submission call to submitToDean","Match canonical Dean workflow","Vitest + Build + Lint","PASSED","48576f0","LOW","Updated call and validation feedback"
"ACT-004","1","Symbol Modernization","SYMBOL_REFACTOR","frontend/src/pages/personnel/PortfolioSummaryCard.jsx","frontend/src/pages/personnel/PortfolioSummaryCard.jsx","Update prop onSubmitToDean and button text to Submit to Dean","Match canonical Dean workflow","Vitest + Build + Lint","PASSED","48576f0","LOW","Button now clearly reads Submit to Dean"
"ACT-005","2","Intentional Scope Removal","COMPONENT_REMOVAL","frontend/src/pages/student/modals/DigitalBarcodeIDCardModal.jsx","N/A (Deleted)","Delete Digital Barcode ID Card modal component","Institutional scope decision to remove digital barcode ID card","Vitest + Build + Lint","PASSED","df5ac10","LOW","Removed callers in Student and Personnel dashboards"
"ACT-006","2","Intentional Scope Removal","CALLER_CLEANUP","frontend/src/pages/student/StudentDashboardPage.jsx","frontend/src/pages/student/StudentDashboardPage.jsx","Remove DigitalBarcodeIDCardModal import, button, state, and mount","Clean student dashboard","Vitest + Build + Lint","PASSED","df5ac10","LOW","Zero residual barcode modal references"
"ACT-007","2","Intentional Scope Removal","CALLER_CLEANUP","frontend/src/pages/personnel/PersonnelDashboardPage.jsx","frontend/src/pages/personnel/PersonnelDashboardPage.jsx","Remove DigitalBarcodeIDCardModal import, button, state, and mount","Clean personnel dashboard","Vitest + Build + Lint","PASSED","df5ac10","LOW","Zero residual barcode modal references"
"ACT-008","3","Dead Code Removal","FILE_DELETE","frontend/src/pages/hr-admin/evaluation-submissions/evaluation/portfolio/FacultyPortfolioPane.jsx","N/A (Deleted)","Delete legacy HR Evaluation portfolio pane","Superseded by PortfolioEvaluationStudio","Vitest + Build + Lint","PASSED","2c8966b","LOW","0 callers in repository"
"ACT-009","3","Dead Code Removal","FILE_DELETE","frontend/src/pages/hr-admin/evaluation-submissions/evaluation/rating/NDMURatingPane.jsx","N/A (Deleted)","Delete legacy HR Evaluation rating pane","Superseded by PortfolioEvaluationStudio","Vitest + Build + Lint","PASSED","2c8966b","LOW","0 callers in repository"
"ACT-010","3","Dead Code Removal","FILE_DELETE","frontend/src/pages/hr-admin/evaluation-submissions/evaluation/portfolio/EvidenceDocumentViewer.jsx","N/A (Deleted)","Delete legacy HR Evaluation document viewer","Superseded by PortfolioEvaluationStudio","Vitest + Build + Lint","PASSED","2c8966b","LOW","0 callers in repository"
"ACT-011","3","Dead Code Removal","FILE_DELETE","frontend/src/pages/hr-admin/evaluation-submissions/evaluation/rating/scoring/AutomaticDerivedScoring.jsx","N/A (Deleted)","Delete legacy scoring control","Superseded by AutomaticDerivedControl","Vitest + Build + Lint","PASSED","2c8966b","LOW","0 callers in repository"
"ACT-012","3","Dead Code Removal","FILE_DELETE","frontend/src/pages/hr-admin/evaluation-submissions/evaluation/rating/scoring/FixedOptionScoring.jsx","N/A (Deleted)","Delete legacy scoring control","Superseded by FixedScoreControl","Vitest + Build + Lint","PASSED","2c8966b","LOW","0 callers in repository"
"ACT-013","3","Dead Code Removal","FILE_DELETE","frontend/src/pages/hr-admin/evaluation-submissions/evaluation/rating/scoring/ManualBoundedScoring.jsx","N/A (Deleted)","Delete legacy scoring control","Superseded by ManualBoundedControl","Vitest + Build + Lint","PASSED","2c8966b","LOW","0 callers in repository"
"ACT-014","3","Dead Code Removal","FILE_DELETE","frontend/src/pages/hr-admin/evaluation-submissions/evaluation/rating/scoring/MixedDegreeScoring.jsx","N/A (Deleted)","Delete legacy scoring control","Superseded by MatrixLookupControl","Vitest + Build + Lint","PASSED","2c8966b","LOW","0 callers in repository"
"ACT-015","3","Dead Code Removal","FILE_DELETE","frontend/src/pages/hr-admin/evaluation-submissions/evaluation/rating/scoring/MultiFactorScoring.jsx","N/A (Deleted)","Delete legacy scoring control","Superseded by MultiFactorControl","Vitest + Build + Lint","PASSED","2c8966b","LOW","0 callers in repository"
"ACT-016","3","Dead Code Removal","FILE_DELETE","frontend/src/pages/hr-admin/evaluation-submissions/studio/EvaluationScoreStrip.jsx","N/A (Deleted)","Delete unused studio score strip","Superseded by active score strip in evaluation components","Vitest + Build + Lint","PASSED","2c8966b","LOW","0 callers in repository"
"ACT-017","3","Dead Code Removal","FILE_DELETE","frontend/src/pages/hr-admin/modals/HRScoreAuditModal.jsx","N/A (Deleted)","Delete unused HR score audit modal","Superseded by active evaluation audit controls","Vitest + Build + Lint","PASSED","2c8966b","LOW","0 callers in repository"
"ACT-018","3","Dead Code Removal","FILE_DELETE","frontend/src/pages/hr-admin/personnel-directory/CustomDatePicker.jsx","N/A (Deleted)","Delete unused custom date picker","Superseded by standard HTML5 date inputs & ui components","Vitest + Build + Lint","PASSED","2c8966b","LOW","0 callers in repository"
"ACT-019","3","Dead Code Removal","FILE_DELETE","frontend/src/pages/hr-admin/personnel-directory/DiscardOnboardingDraftModal.jsx","N/A (Deleted)","Delete unused onboarding discard modal","Superseded by inline onboarding reset","Vitest + Build + Lint","PASSED","2c8966b","LOW","0 callers in repository"
"ACT-020","3","Dead Code Removal","FILE_DELETE","frontend/src/pages/hr-admin/personnel-directory/FacultyDirectory.jsx","N/A (Deleted)","Delete legacy faculty directory component","Superseded by HRPersonnelDirectoryPage","Vitest + Build + Lint","PASSED","2c8966b","LOW","0 callers in repository"
"ACT-021","3","Dead Code Removal","FILE_DELETE","frontend/src/pages/hr-admin/personnel-directory/OnboardingDraftRecoveryBanner.jsx","N/A (Deleted)","Delete unused draft recovery banner","Superseded by HRPersonnelDirectoryController draft handling","Vitest + Build + Lint","PASSED","2c8966b","LOW","0 callers in repository"
"ACT-022","3","Dead Code Removal","FILE_DELETE","frontend/src/pages/personnel/PersonnelPortfolioForm.jsx","N/A (Deleted)","Delete legacy personnel portfolio form","Superseded by PersonnelPortfolioEditPage","Vitest + Build + Lint","PASSED","2c8966b","LOW","0 callers in repository"
"ACT-023","3","Dead Code Removal","FILE_DELETE","frontend/src/pages/personnel/program-coordinator/ProgramCoordinatorDashboard.jsx","N/A (Deleted)","Delete unmounted legacy coordinator dashboard component","Superseded by CoordinatorDashboardPage","Vitest + Build + Lint","PASSED","2c8966b","LOW","0 callers in repository"
"ACT-024","3","Dead Code Removal","FILE_DELETE","frontend/src/pages/personnel/program-coordinator/tabs/CoordinatorQueueTab.jsx","N/A (Deleted)","Delete legacy queue tab","Superseded by CoordinatorVerificationQueuePage","Vitest + Build + Lint","PASSED","2c8966b","LOW","0 callers in repository"
"ACT-025","3","Dead Code Removal","FILE_DELETE","frontend/src/pages/personnel/organization-moderator/OrganizationModeratorDashboard.jsx","N/A (Deleted)","Delete unmounted legacy moderator dashboard component","Superseded by OrganizationModeratorDashboardPage","Vitest + Build + Lint","PASSED","2c8966b","LOW","0 callers in repository"
"ACT-026","3","Dead Code Removal","FILE_DELETE","frontend/src/models/AcademicStructureModel.js","N/A (Deleted)","Delete unreferenced legacy academic structure model","Superseded by OSADAcademicHierarchy and reference seeders","Vitest + Build + Lint","PASSED","2c8966b","LOW","0 callers in repository"
"ACT-027","3","Dead Code Removal","FILE_DELETE","frontend/src/components/common/ProtectedRoute.jsx","N/A (Deleted)","Delete unmounted protected route wrapper","Superseded by RouteAccessController and App.jsx routing guards","Vitest + Build + Lint","PASSED","2c8966b","LOW","0 callers in repository"
"ACT-028","3","Dead Code Removal","FILE_DELETE","frontend/src/components/osad/OSADQuickActions.jsx","N/A (Deleted)","Delete unused OSAD quick actions subcomponent","Superseded by OSADDashboardPage quick action strip","Vitest + Build + Lint","PASSED","2c8966b","LOW","0 callers in repository"
"ACT-029","4","Duplicate Script Removal","FILE_DELETE","backend/development/verify-admin-bootstrap-full.mjs","N/A (Deleted)","Delete duplicate bootstrap verifier in development/","Exact duplicate of backend/scripts/verify-admin-bootstrap-full.mjs","Spark route & syntax validation","PASSED","99f57a7","LOW","Retained canonical backend/scripts/ copy"
"ACT-030","5","Empty Folder Retirement","DIR_CLEANUP","frontend/src/pages/hr-admin/evaluation-submissions/evaluation/portfolio/","N/A (Retired)","Retire empty portfolio folder","Directory contains 0 files post-cleanup","Filesystem verify","PASSED","N/A (Git tree)","LOW","Folder retired"
"ACT-031","5","Empty Folder Retirement","DIR_CLEANUP","frontend/src/pages/personnel/program-coordinator/tabs/","N/A (Retired)","Retire empty coordinator tabs folder","Directory contains 0 files post-cleanup","Filesystem verify","PASSED","N/A (Git tree)","LOW","Folder retired"
"ACT-032","5","Empty Folder Retirement","DIR_CLEANUP","frontend/src/pages/personnel/department-secretary/","N/A (Retired)","Retire empty department secretary folder","Directory contains 0 files post-cleanup","Filesystem verify","PASSED","N/A (Git tree)","LOW","Folder retired"
"ACT-033","6","Documentation Reorganization","FILE_MOVE","AchieveNest_Phase_2_Pre_Execution_Migration_Code_Review.md","docs/history/AchieveNest_Phase_2_Pre_Execution_Migration_Code_Review.md","Move Phase 2 review to history/","Clean repository root per Phase 13 organization","Git status verify","PASSED","3f0e40f","LOW","100% rename match"
"ACT-034","6","Documentation Reorganization","FILE_MOVE","AchieveNest_Phase_4_Fresh_Disposable_Database_Build_Report.md","docs/reports/AchieveNest_Phase_4_Fresh_Disposable_Database_Build_Report.md","Move Phase 4 report to reports/","Clean repository root per Phase 13 organization","Git status verify","PASSED","3f0e40f","LOW","100% rename match"
"ACT-035","6","Documentation Reorganization","FILE_MOVE","AchieveNest_Phase_5_Reset_and_Replay_Validation_Report.md","docs/reports/AchieveNest_Phase_5_Reset_and_Replay_Validation_Report.md","Move Phase 5 report to reports/","Clean repository root per Phase 13 organization","Git status verify","PASSED","3f0e40f","LOW","100% rename match"
"ACT-036","6","Documentation Reorganization","FILE_MOVE","AchieveNest_Phase_6_Fresh_Build_vs_Current_Test_Reconciliation_Report.md","docs/reports/AchieveNest_Phase_6_Fresh_Build_vs_Current_Test_Reconciliation_Report.md","Move Phase 6 report to reports/","Clean repository root per Phase 13 organization","Git status verify","PASSED","3f0e40f","LOW","100% rename match"
"ACT-037","6","Documentation Reorganization","FILE_MOVE","AchieveNest_Phase_7_Test_Reconciliation_Report.md","docs/reports/AchieveNest_Phase_7_Test_Reconciliation_Report.md","Move Phase 7 report to reports/","Clean repository root per Phase 13 organization","Git status verify","PASSED","3f0e40f","LOW","100% rename match"
"ACT-038","6","Documentation Reorganization","FILE_MOVE","AchieveNest_Phase_8_Application_Security_and_Role_Based_E2E_Validation_Report.md","docs/reports/AchieveNest_Phase_8_Application_Security_and_Role_Based_E2E_Validation_Report.md","Move Phase 8 report to reports/","Clean repository root per Phase 13 organization","Git status verify","PASSED","3f0e40f","LOW","100% rename match"
"ACT-039","6","Documentation Reorganization","FILE_MOVE","AchieveNest_Phase_8_E2E_Test_Matrix.md","docs/reports/AchieveNest_Phase_8_E2E_Test_Matrix.md","Move Phase 8 matrix to reports/","Clean repository root per Phase 13 organization","Git status verify","PASSED","3f0e40f","LOW","100% rename match"
"ACT-040","6","Documentation Reorganization","FILE_MOVE","USER_WORKFLOW_AND_IMPROVEMENTS.md","docs/architecture/USER_WORKFLOW_AND_IMPROVEMENTS.md","Move workflow document to architecture/","Clean repository root per Phase 13 organization","Git status verify","PASSED","3f0e40f","LOW","100% rename match"
"ACT-041","6","Documentation Reorganization","FILE_MOVE","STARTUP_COMMANDS.md","docs/runbooks/STARTUP_COMMANDS.md","Move startup commands to runbooks/","Clean repository root per Phase 13 organization","Git status verify","PASSED","3f0e40f","LOW","Tracked and organized"
"ACT-042","7","Database Dump Archive","FILE_ARCHIVE_UNTRACK","AchieveNest-Test_Pre_Phase7_2026-08-28_0036.dump","archive/database/AchieveNest-Test_Pre_Phase7_2026-08-28_0036.dump","Archive database dump and untrack from git","Preserve byte-for-byte binary dump locally while untracking from VCS","SHA256 checksum comparison","PASSED","910fecf","LOW","SHA256 verified: 7EBF9B8CA823C504AA5CED2293AF65970A14841DF9AC669984B9BB79375EA95A"
"ACT-043","8","Dependency Untracking","GIT_UNTRACK","backend/development/node_modules/","backend/development/node_modules/","Untrack generated node modules from Git tracking","Avoid tracking build/development dependency tree in Git","Git status + .gitignore verify","PASSED","9d3455e","LOW","Untracked from git; added to .gitignore"
"ACT-044","8","Dependency Untracking","GIT_UNTRACK","node_modules/.vite/","node_modules/.vite/","Untrack Vite build cache from Git tracking","Avoid tracking generated Vite cache in Git","Git status + .gitignore verify","PASSED","9d3455e","LOW","Untracked from git; added to .gitignore"
