ArtifactID,CurrentPath,ArtifactType,FeatureDomain,CurrentRole,CurrentCallers,CurrentClassification,CurrentFolderRationale,Problem,TargetLocation,TargetOrganizationClassification,MovePreconditions,RemovalDependency,ImportUpdateRequired,RouteUpdateRequired,TestUpdateRequired,DocumentationUpdateRequired,Phase13ANamingDependency,Phase14Action,Phase15Validation,Confidence,EvidencePaths,Notes
"ORG-ROOT-001","AchieveNest-Test_Pre_Phase7_2026-08-28_0036.dump","DATABASE_DUMP","Infrastructure / Database","Pre-Phase 7 Database Backup","None","DATABASE-DUMP","Root working directory","Root-level database binary dump clutters source repository","archive/database/AchieveNest-Test_Pre_Phase7_2026-08-28_0036.dump (UNTRACKED / IGNORED)","BACKUP-RELOCATION-CANDIDATE","Verify archive directory exists and ignore rule established","None","NONE","NONE","NONE","Update recovery notes if referenced","None","ARCHIVE","Verify git ls-files confirms untracked and archive file intact","HIGH","AchieveNest-Test_Pre_Phase7_2026-08-28_0036.dump, docs/audit/PHASE_9_CLEANUP_REVIEW_CANDIDATES.csv","Historical pre-Phase 7 database snapshot; policy is REPOSITORY-LOCAL-UNTRACKED-ARCHIVE"
"ORG-ROOT-002","AchieveNest_Phase_2_Pre_Execution_Migration_Code_Review.md","HISTORICAL_REPORT","Documentation / Architecture","Phase 2 Migration Code Review","None","HISTORICAL-REPORT","Root working directory","Root-level historical audit review document clutters repository","docs/history/AchieveNest_Phase_2_Pre_Execution_Migration_Code_Review.md","HISTORICAL-ARCHIVE-CANDIDATE","Verify docs/history directory exists","None","NONE","NONE","NONE","Update doc links if referenced","None","MOVE","Verify markdown link integrity","HIGH","AchieveNest_Phase_2_Pre_Execution_Migration_Code_Review.md, docs/audit/PHASE_9_DOCUMENTATION_ARTIFACT_REGISTER.csv","Phase 2 migration code review milestone artifact"
"ORG-ROOT-003","AchieveNest_Phase_4_Fresh_Disposable_Database_Build_Report.md","HISTORICAL_REPORT","Documentation / Database","Phase 4 Disposable DB Build Report","None","HISTORICAL-REPORT","Root working directory","Root-level milestone report clutters repository","docs/reports/AchieveNest_Phase_4_Fresh_Disposable_Database_Build_Report.md","HISTORICAL-ARCHIVE-CANDIDATE","Verify docs/reports directory exists","None","NONE","NONE","NONE","Update doc links if referenced","None","MOVE","Verify markdown link integrity","HIGH","AchieveNest_Phase_4_Fresh_Disposable_Database_Build_Report.md, docs/audit/PHASE_9_DOCUMENTATION_ARTIFACT_REGISTER.csv","Phase 4 fresh build verification report"
"ORG-ROOT-004","AchieveNest_Phase_5_Reset_and_Replay_Validation_Report.md","HISTORICAL_REPORT","Documentation / Database","Phase 5 Reset & Replay Report","None","HISTORICAL-REPORT","Root working directory","Root-level milestone report clutters repository","docs/reports/AchieveNest_Phase_5_Reset_and_Replay_Validation_Report.md","HISTORICAL-ARCHIVE-CANDIDATE","Verify docs/reports directory exists","None","NONE","NONE","NONE","Update doc links if referenced","None","MOVE","Verify markdown link integrity","HIGH","AchieveNest_Phase_5_Reset_and_Replay_Validation_Report.md, docs/audit/PHASE_9_DOCUMENTATION_ARTIFACT_REGISTER.csv","Phase 5 reset and replay validation report"
"ORG-ROOT-005","AchieveNest_Phase_6_Fresh_Build_vs_Current_Test_Reconciliation_Report.md","HISTORICAL_REPORT","Documentation / Database","Phase 6 Reconciliation Report","None","HISTORICAL-REPORT","Root working directory","Root-level milestone report clutters repository","docs/reports/AchieveNest_Phase_6_Fresh_Build_vs_Current_Test_Reconciliation_Report.md","HISTORICAL-ARCHIVE-CANDIDATE","Verify docs/reports directory exists","None","NONE","NONE","NONE","Update doc links if referenced","None","MOVE","Verify markdown link integrity","HIGH","AchieveNest_Phase_6_Fresh_Build_vs_Current_Test_Reconciliation_Report.md, docs/audit/PHASE_9_DOCUMENTATION_ARTIFACT_REGISTER.csv","Phase 6 fresh build reconciliation report"
"ORG-ROOT-006","AchieveNest_Phase_7_Test_Reconciliation_Report.md","HISTORICAL_REPORT","Documentation / Testing","Phase 7 Test Reconciliation Report","None","HISTORICAL-REPORT","Root working directory","Root-level milestone report clutters repository","docs/reports/AchieveNest_Phase_7_Test_Reconciliation_Report.md","HISTORICAL-ARCHIVE-CANDIDATE","Verify docs/reports directory exists","None","NONE","NONE","NONE","Update doc links if referenced","None","MOVE","Verify markdown link integrity","HIGH","AchieveNest_Phase_7_Test_Reconciliation_Report.md, docs/audit/PHASE_9_DOCUMENTATION_ARTIFACT_REGISTER.csv","Phase 7 test reconciliation report"
"ORG-ROOT-007","AchieveNest_Phase_8_Application_Security_and_Role_Based_E2E_Validation_Report.md","HISTORICAL_REPORT","Documentation / Security","Phase 8 Security & E2E Report","None","HISTORICAL-REPORT","Root working directory","Root-level milestone report clutters repository","docs/reports/AchieveNest_Phase_8_Application_Security_and_Role_Based_E2E_Validation_Report.md","HISTORICAL-ARCHIVE-CANDIDATE","Verify docs/reports directory exists","None","NONE","NONE","NONE","Update doc links if referenced","None","MOVE","Verify markdown link integrity","HIGH","AchieveNest_Phase_8_Application_Security_and_Role_Based_E2E_Validation_Report.md, docs/audit/PHASE_9_DOCUMENTATION_ARTIFACT_REGISTER.csv","Phase 8 security and E2E validation report (Part 1)"
"ORG-ROOT-008","AchieveNest_Phase_8_E2E_Test_Matrix.md","HISTORICAL_REPORT","Documentation / Testing","Phase 8 E2E Test Matrix","None","HISTORICAL-REPORT","Root working directory","Root-level milestone report clutters repository","docs/reports/AchieveNest_Phase_8_E2E_Test_Matrix.md","HISTORICAL-ARCHIVE-CANDIDATE","Verify docs/reports directory exists","None","NONE","NONE","NONE","Update doc links if referenced","None","MOVE","Verify markdown link integrity","HIGH","AchieveNest_Phase_8_E2E_Test_Matrix.md, docs/audit/PHASE_9_DOCUMENTATION_ARTIFACT_REGISTER.csv","Phase 8 E2E test matrix report (Part 2)"
"ORG-ROOT-009","STARTUP_COMMANDS.md","DOCUMENTATION_RUNBOOK","Operations / Runbooks","Local Startup & Health Check Runbook","Developers / Operators","OPERATIONAL-RUNBOOK","Root working directory","Active runbook currently untracked in root","docs/runbooks/STARTUP_COMMANDS.md","RUNBOOK-RELOCATION-CANDIDATE","Create docs/runbooks directory","None","NONE","NONE","NONE","Update README / onboarding runbook pointers","None","MOVE","Verify runbook instructions in Phase 15","HIGH","STARTUP_COMMANDS.md, docs/audit/PHASE_9_DOCUMENTATION_ARTIFACT_REGISTER.csv","Authoritative operational runbook; standardize under docs/runbooks/"
"ORG-ROOT-010","USER_WORKFLOW_AND_IMPROVEMENTS.md","ARCHITECTURE_SPEC","Architecture / Product","User Workflows & Roadmap Spec","Product / Architecture","ARCHITECTURE-SPEC","Root working directory","Spec in root; acceptable in root or docs/architecture/","docs/architecture/USER_WORKFLOW_AND_IMPROVEMENTS.md","MOVE-CANDIDATE","Create docs/architecture directory","None","NONE","NONE","NONE","Update root README references","None","MOVE","Verify doc links","MEDIUM","USER_WORKFLOW_AND_IMPROVEMENTS.md, docs/audit/PHASE_9_DOCUMENTATION_ARTIFACT_REGISTER.csv","Product workflow specification; centralize under docs/architecture/"
"ORG-DEP-001","backend/development/node_modules/","TRACKED_DEPENDENCY","Generated Cache / Dependencies","Development Node Dependencies","Development scripts","GENERATED-DEPENDENCY","backend/development/","1,108 tracked generated node_modules files (20.47 MB) bloat repository","untracked / ignored","GENERATED-UNTRACK-CANDIDATE","Ensure backend/.gitignore includes development/node_modules","None","NONE","NONE","NONE","NONE","None","UNTRACK","git rm -r --cached verification","HIGH","backend/development/node_modules/, docs/audit/PHASE_9_GENERATED_DEPENDENCY_RECONCILIATION_ADDENDUM.md","Generated dependency tree accidentally tracked; untrack in Phase 14"
"ORG-DEP-002","node_modules/.vite/deps/","TRACKED_CACHE","Generated Cache / Dependencies","Vite Pre-bundled Dependencies","Vite Dev Server","GENERATED-CACHE","node_modules/.vite/deps/","15 tracked pre-bundled cache files (6.82 MB) bloat repository","untracked / ignored","GENERATED-UNTRACK-CANDIDATE","Ensure root .gitignore includes node_modules/.vite","None","NONE","NONE","NONE","NONE","None","UNTRACK","git rm -r --cached verification","HIGH","node_modules/.vite/deps/, docs/audit/PHASE_9_GENERATED_DEPENDENCY_RECONCILIATION_ADDENDUM.md","Generated Vite cache files accidentally tracked; untrack in Phase 14"
"ORG-FE-001","frontend/src/pages/student/modals/DigitalBarcodeIDCardModal.jsx","REACT_MODAL","Student / Personnel Shared","Institutional Barcode ID Modal","StudentDashboardPage, PersonnelDashboardPage","INTENTIONAL-SCOPE-REMOVAL","frontend/src/pages/student/modals/","Product decision to remove digital barcode ID card feature from system scope","N/A — remove in Phase 14","INTENTIONAL-REMOVAL-NO-MOVE","Remove imports and triggers from StudentDashboardPage and PersonnelDashboardPage","Phase 12 Scope Removal","Remove 2 dashboard imports","NONE","Update dashboard unit tests","Update user guide docs","None","INTENTIONAL-FEATURE-REMOVAL","Vitest suite + Dashboard smoke test","HIGH","frontend/src/pages/student/modals/DigitalBarcodeIDCardModal.jsx, docs/audit/PHASE_12_INTENTIONAL_SCOPE_REMOVALS.csv","Product scope removal confirmed; Phase 11 common relocation proposal closed"
"ORG-FE-002","frontend/src/pages/personnel/department-secretary/","DIRECTORY_LEGACY","Personnel / Department Secretary","Obsolete Department Secretary Role Folder","None","LEGACY-EMPTY-DIR","frontend/src/pages/personnel/","Empty directory reflecting obsolete department secretary role terminology","N/A — retire in Phase 14","NAMING-REVIEW-PHASE13A","Phase 13A terminology audit","None","NONE","NONE","NONE","NONE","YES (depsec / department-secretary terminology)","REVIEW FIRST","Verify directory clean removal","HIGH","frontend/src/pages/personnel/department-secretary/, docs/audit/PHASE_1_REPOSITORY_INVENTORY.md","Empty directory; terminology audit in Phase 13A, retirement in Phase 14"
"ORG-FE-003","frontend/src/components/common/ProtectedRoute.jsx","REACT_COMPONENT","Routing / Security","Superseded Route Protection Wrapper","None (0 callers)","SUPERSEDED-COMPONENT","frontend/src/components/common/","Superseded by RouteAccessController and App.jsx layout wrapper","N/A — remove in Phase 14","REMOVE-FIRST-THEN-REEVALUATE","Confirm RouteAccessController active coverage","Phase 12 DCE-FE-020","NONE","NONE","NONE","NONE","None","REMOVE","Frontend build + Route smoke test","HIGH","frontend/src/components/common/ProtectedRoute.jsx, docs/audit/PHASE_12_DEAD_CODE_CANDIDATES.csv","Dead code component scheduled for deletion in Phase 14; do not move"
"ORG-FE-004","frontend/src/models/AcademicStructureModel.js","FRONTEND_MODEL","Academic Domain / Metadata","Superseded Static Structure Model","None (0 callers)","SUPERSEDED-MODEL","frontend/src/models/","Superseded by CollegeModel.js and DegreeProgramModel.js","N/A — remove in Phase 14","REMOVE-FIRST-THEN-REEVALUATE","Confirm CollegeModel and DegreeProgramModel active coverage","Phase 12 DCE-FE-019","NONE","NONE","NONE","NONE","None","REMOVE","Vitest suite execution","HIGH","frontend/src/models/AcademicStructureModel.js, docs/audit/PHASE_12_DEAD_CODE_CANDIDATES.csv","Dead code model scheduled for deletion in Phase 14; do not move"
"ORG-FE-005","frontend/src/components/osad/OSADQuickActions.jsx","REACT_COMPONENT","OSAD Domain / Actions","Superseded Quick Actions Component","None (0 callers)","SUPERSEDED-COMPONENT","frontend/src/components/osad/","Superseded by OSADCommandHub.jsx","N/A — remove in Phase 14","REMOVE-FIRST-THEN-REEVALUATE","Confirm OSADCommandHub active coverage","Phase 12 DCE-FE-021","NONE","NONE","NONE","NONE","None","REMOVE","Frontend build + OSAD dashboard smoke","HIGH","frontend/src/components/osad/OSADQuickActions.jsx, docs/audit/PHASE_12_DEAD_CODE_CANDIDATES.csv","Dead code component scheduled for deletion in Phase 14; do not move"
"ORG-FE-006","frontend/src/pages/hr-admin/evaluation-submissions/evaluation/","DIRECTORY_SUPERSEDED","HR Evaluation / Studio","Superseded Evaluation View Tree","None (0 callers)","SUPERSEDED-DIR-TREE","frontend/src/pages/hr-admin/evaluation-submissions/","Contains 8 superseded portfolio/rating/scoring components (DCE-FE-001 to DCE-FE-008)","N/A — disappears after Phase 14 removals","REMOVE-FIRST-THEN-REEVALUATE","Delete 8 dead child components in Phase 14","Phase 12 DCE-FE-001 to DCE-FE-008","NONE","NONE","NONE","NONE","YES (NDMURatingPane naming in Phase 13A)","REMOVE","Studio evaluation smoke test","HIGH","frontend/src/pages/hr-admin/evaluation-submissions/evaluation/, docs/audit/PHASE_12_DEAD_CODE_CANDIDATES.csv","Directory tree naturally disappears after Phase 14 removes superseded studio predecessors"
"ORG-FE-007","frontend/src/pages/personnel/program-coordinator/tabs/CoordinatorQueueTab.jsx","REACT_COMPONENT","Personnel / Coordinator","Superseded Queue Tab Subcomponent","None (0 callers)","SUPERSEDED-COMPONENT","frontend/src/pages/personnel/program-coordinator/tabs/","Inlined directly into CoordinatorDashboardView.jsx","N/A — remove in Phase 14","REMOVE-FIRST-THEN-REEVALUATE","Confirm inlined CoordinatorDashboardView coverage","Phase 12 DCE-FE-017","NONE","NONE","NONE","NONE","None","REMOVE","Coordinator dashboard smoke test","HIGH","frontend/src/pages/personnel/program-coordinator/tabs/CoordinatorQueueTab.jsx, docs/audit/PHASE_12_DEAD_CODE_CANDIDATES.csv","Subfolder 'tabs/' naturally disappears after Phase 14 removal"
"ORG-FE-008","frontend/src/pages/personnel/PersonnelPortfolioForm.jsx","REACT_PAGE_COMPONENT","Personnel / Portfolio","Superseded Portfolio Multi-Tab Form","None (0 callers)","SUPERSEDED-COMPONENT","frontend/src/pages/personnel/","Superseded by dedicated route PersonnelPortfolioEditPage.jsx","N/A — remove in Phase 14","REMOVE-FIRST-THEN-REEVALUATE","Confirm PersonnelPortfolioEditPage coverage","Phase 12 DCE-FE-015","NONE","NONE","NONE","NONE","None","REMOVE","Portfolio edit page smoke test","HIGH","frontend/src/pages/personnel/PersonnelPortfolioForm.jsx, docs/audit/PHASE_12_DEAD_CODE_CANDIDATES.csv","Superseded form component scheduled for deletion in Phase 14"
"ORG-FE-009","frontend/src/pages/personnel/program-coordinator/ProgramCoordinatorDashboard.jsx","REACT_PAGE_COMPONENT","Personnel / Coordinator","Superseded Coordinator Wrapper","None (0 callers)","SUPERSEDED-COMPONENT","frontend/src/pages/personnel/program-coordinator/","Superseded by CoordinatorDashboardPage.jsx","N/A — remove in Phase 14","REMOVE-FIRST-THEN-REEVALUATE","Confirm CoordinatorDashboardPage coverage","Phase 12 DCE-FE-016","NONE","NONE","NONE","NONE","None","REMOVE","Coordinator dashboard smoke test","HIGH","frontend/src/pages/personnel/program-coordinator/ProgramCoordinatorDashboard.jsx, docs/audit/PHASE_12_DEAD_CODE_CANDIDATES.csv","Superseded dashboard wrapper scheduled for deletion in Phase 14"
"ORG-FE-010","frontend/src/pages/personnel/organization-moderator/OrganizationModeratorDashboard.jsx","REACT_PAGE_COMPONENT","Personnel / Moderator","Superseded Moderator Wrapper","None (0 callers)","SUPERSEDED-COMPONENT","frontend/src/pages/personnel/organization-moderator/","Superseded by OrganizationModeratorDashboardPage.jsx","N/A — remove in Phase 14","REMOVE-FIRST-THEN-REEVALUATE","Confirm OrganizationModeratorDashboardPage coverage","Phase 12 DCE-FE-018","NONE","NONE","NONE","NONE","None","REMOVE","Moderator dashboard smoke test","HIGH","frontend/src/pages/personnel/organization-moderator/OrganizationModeratorDashboard.jsx, docs/audit/PHASE_12_DEAD_CODE_CANDIDATES.csv","Superseded dashboard wrapper scheduled for deletion in Phase 14"
"ORG-FE-011","frontend/src/pages/hr-admin/personnel-directory/CustomDatePicker.jsx","REACT_COMPONENT","HR Admin / Directory","Superseded DatePicker Widget","None (0 callers)","SUPERSEDED-COMPONENT","frontend/src/pages/hr-admin/personnel-directory/","Superseded by standard HTML5 date inputs in OnboardPersonnelModal.jsx","N/A — remove in Phase 14","REMOVE-FIRST-THEN-REEVALUATE","Confirm OnboardPersonnelModal date inputs","Phase 12 DCE-FE-011","NONE","NONE","NONE","NONE","None","REMOVE","Onboard personnel modal smoke test","HIGH","frontend/src/pages/hr-admin/personnel-directory/CustomDatePicker.jsx, docs/audit/PHASE_12_DEAD_CODE_CANDIDATES.csv","Superseded date picker widget scheduled for deletion in Phase 14"
"ORG-FE-012","frontend/src/pages/hr-admin/personnel-directory/DiscardOnboardingDraftModal.jsx","REACT_MODAL","HR Admin / Directory","Superseded Draft Discard Modal","None (0 callers)","SUPERSEDED-COMPONENT","frontend/src/pages/hr-admin/personnel-directory/","Inlined into OnboardPersonnelModal.jsx","N/A — remove in Phase 14","REMOVE-FIRST-THEN-REEVALUATE","Confirm inlined draft discard state","Phase 12 DCE-FE-012","NONE","NONE","NONE","NONE","None","REMOVE","Onboard personnel modal smoke test","HIGH","frontend/src/pages/hr-admin/personnel-directory/DiscardOnboardingDraftModal.jsx, docs/audit/PHASE_12_DEAD_CODE_CANDIDATES.csv","Superseded modal scheduled for deletion in Phase 14"
"ORG-FE-013","frontend/src/pages/hr-admin/personnel-directory/FacultyDirectory.jsx","REACT_COMPONENT","HR Admin / Directory","Superseded Faculty Directory Table","None (0 callers)","SUPERSEDED-COMPONENT","frontend/src/pages/hr-admin/personnel-directory/","Superseded by PersonnelDirectoryTable.jsx","N/A — remove in Phase 14","REMOVE-FIRST-THEN-REEVALUATE","Confirm PersonnelDirectoryTable coverage","Phase 12 DCE-FE-013","NONE","NONE","NONE","NONE","None","REMOVE","Personnel directory table smoke test","HIGH","frontend/src/pages/hr-admin/personnel-directory/FacultyDirectory.jsx, docs/audit/PHASE_12_DEAD_CODE_CANDIDATES.csv","Superseded table component scheduled for deletion in Phase 14"
"ORG-FE-014","frontend/src/pages/hr-admin/personnel-directory/OnboardingDraftRecoveryBanner.jsx","REACT_COMPONENT","HR Admin / Directory","Superseded Draft Recovery Banner","None (0 callers)","SUPERSEDED-COMPONENT","frontend/src/pages/hr-admin/personnel-directory/","Inlined into HRPersonnelDirectoryPage.jsx dialog","N/A — remove in Phase 14","REMOVE-FIRST-THEN-REEVALUATE","Confirm inlined draft recovery dialog","Phase 12 DCE-FE-014","NONE","NONE","NONE","NONE","None","REMOVE","Personnel directory page smoke test","HIGH","frontend/src/pages/hr-admin/personnel-directory/OnboardingDraftRecoveryBanner.jsx, docs/audit/PHASE_12_DEAD_CODE_CANDIDATES.csv","Superseded banner component scheduled for deletion in Phase 14"
"ORG-FE-015","frontend/src/pages/hr-admin/modals/HRScoreAuditModal.jsx","REACT_MODAL","HR Admin / Evaluation","Superseded Score Audit Modal","None (0 callers)","SUPERSEDED-COMPONENT","frontend/src/pages/hr-admin/modals/","Inlined into studio/StudioDecisionBar.jsx","N/A — remove in Phase 14","REMOVE-FIRST-THEN-REEVALUATE","Confirm StudioDecisionBar coverage","Phase 12 DCE-FE-010","NONE","NONE","NONE","NONE","None","REMOVE","Studio evaluation smoke test","HIGH","frontend/src/pages/hr-admin/modals/HRScoreAuditModal.jsx, docs/audit/PHASE_12_DEAD_CODE_CANDIDATES.csv","Superseded audit modal scheduled for deletion in Phase 14"
"ORG-FE-016","frontend/src/pages/hr-admin/evaluation-submissions/studio/EvaluationScoreStrip.jsx","REACT_COMPONENT","HR Admin / Studio","Superseded Score Strip","None (0 callers)","SUPERSEDED-COMPONENT","frontend/src/pages/hr-admin/evaluation-submissions/studio/","Inlined directly into studio/StudioHeader.jsx","N/A — remove in Phase 14","REMOVE-FIRST-THEN-REEVALUATE","Confirm StudioHeader score display","Phase 12 DCE-FE-009","NONE","NONE","NONE","NONE","None","REMOVE","Studio evaluation smoke test","HIGH","frontend/src/pages/hr-admin/evaluation-submissions/studio/EvaluationScoreStrip.jsx, docs/audit/PHASE_12_DEAD_CODE_CANDIDATES.csv","Superseded score strip scheduled for deletion in Phase 14"
"ORG-FE-017","frontend/src/components/common/","DIRECTORY_COMMON","Common Primitives","Universal UI & Auth Guards","All Roles","COMMON-PRIMITIVES","frontend/src/components/common/","Houses universal guards (ActiveRoleGuard, AdminOnboardingGuideWidget, NotificationPopover, RouteLoadingFallback, SessionTimeoutModal)","frontend/src/components/common/","KEEP-IN-PLACE","None","None","NONE","NONE","NONE","NONE","None","KEEP","Component unit tests","HIGH","frontend/src/components/common/, docs/audit/PHASE_2_FRONTEND_ROUTE_MAP.csv","Centralized shared primitives; keep in place"
"ORG-FE-018","frontend/src/components/layout/","DIRECTORY_LAYOUT","Application Layout","Shell, Sidebar, Topbar, Footer","All Routes","LAYOUT-SHELL","frontend/src/components/layout/","Universal application chrome and navigation shell","frontend/src/components/layout/","KEEP-IN-PLACE","None","None","NONE","NONE","NONE","NONE","None","KEEP","Layout smoke tests","HIGH","frontend/src/components/layout/, docs/audit/PHASE_2_FRONTEND_ROUTE_MAP.csv","Universal application shell structure; keep in place"
"ORG-FE-019","frontend/src/components/ui/","DIRECTORY_UI","Design System Primitives","Radix & Tailwind Primitives","All Components","UI-PRIMITIVES","frontend/src/components/ui/","Atomic design system components (Button, Card, Dialog, Badge, Input, etc.)","frontend/src/components/ui/","KEEP-IN-PLACE","None","None","NONE","NONE","NONE","NONE","None","KEEP","UI component test suite","HIGH","frontend/src/components/ui/, docs/audit/PHASE_3_FRONTEND_DEPENDENCY_MAP.csv","Design system foundation; keep in place"
"ORG-FE-020","frontend/src/components/osad/","DIRECTORY_OSAD","OSAD Domain Primitives","OSAD Workflow Cards & Drawers","OSAD Admin Pages","OSAD-DOMAIN-COMPONENTS","frontend/src/components/osad/","OSAD-specific workflow components (CandidateReview, BatchAdvancement, CategoryCards, etc.)","frontend/src/components/osad/","KEEP-IN-PLACE","None","None","NONE","NONE","NONE","NONE","YES (Potential Awardees terminology in Phase 13A)","KEEP","OSAD test suite","HIGH","frontend/src/components/osad/, docs/audit/PHASE_3_FRONTEND_DEPENDENCY_MAP.csv","Domain-owned components; keep in place"
"ORG-BE-001","backend/development/verify-admin-bootstrap-full.mjs","NODE_SCRIPT","Admin Setup / Bootstrap","Historical Postgres Bootstrap Verifier (Duplicate)","None (0 callers)","DUPLICATE-SCRIPT","backend/development/","Byte-for-byte duplicate of backend/scripts/verify-admin-bootstrap-full.mjs","N/A — remove in Phase 14","REMOVE-FIRST-THEN-REEVALUATE","Verify canonical script in backend/scripts/","Phase 12 DCE-BE-001","NONE","NONE","NONE","NONE","None","REMOVE","Verify canonical script execution","HIGH","backend/development/verify-admin-bootstrap-full.mjs, docs/audit/PHASE_11_DUPLICATE_REGISTER.csv","Exact duplicate script scheduled for deletion in Phase 14"
"ORG-BE-002","backend/scripts/verify-admin-bootstrap-full.mjs","NODE_SCRIPT","Admin Setup / Bootstrap","Canonical Historical Bootstrap Verifier","None (historical retain)","HISTORICAL-RETAIN","backend/scripts/","Historical verification tooling for PostgreSQL admin bootstrap","backend/scripts/verify-admin-bootstrap-full.mjs","KEEP-IN-PLACE","None","None","NONE","NONE","NONE","NONE","None","KEEP","Historical tool reference","HIGH","backend/scripts/verify-admin-bootstrap-full.mjs, docs/audit/PHASE_12_RETAINED_NON_DEAD_ARTIFACTS.csv","Canonical historical script; retained in place for institutional record"
"ORG-BE-003","backend/development/","DIRECTORY_DEV","Development Tooling","Local Dev Setup & Provisioning","Local Developers","DEV-SCRIPTS","backend/development/","Houses local dev provisioning scripts (bootstrap-admin, provision-demo, etc.)","backend/development/","KEEP-IN-PLACE","None","None","NONE","NONE","NONE","NONE","None","KEEP","Provisioning script validation","HIGH","backend/development/, docs/audit/PHASE_8_NON_HTTP_ENTRY_POINT_REGISTER.csv","Development tooling folder; after Phase 14 duplicate removal and node_modules untracking, retain active scripts"
"ORG-BE-004","backend/app/Controllers/","DIRECTORY_FRAMEWORK","Backend HTTP Controllers","CodeIgniter API Controllers","HTTP Routes","FRAMEWORK-CONTROLLERS","backend/app/Controllers/","Standard CodeIgniter 4 controller location","backend/app/Controllers/","FRAMEWORK-KEEP-IN-PLACE","None","None","NONE","NONE","NONE","NONE","None","KEEP","PHPUnit backend controller suite","HIGH","backend/app/Controllers/, docs/audit/PHASE_5_BACKEND_ROUTE_MAP.csv","Core framework directory; preserve in place"
"ORG-BE-005","backend/app/Services/","DIRECTORY_FRAMEWORK","Backend Business Services","Core Business Engines & Policies","Controllers, Commands","FRAMEWORK-SERVICES","backend/app/Services/","Standard CodeIgniter 4 service layer location","backend/app/Services/","FRAMEWORK-KEEP-IN-PLACE","None","None","NONE","NONE","NONE","NONE","None","KEEP","PHPUnit backend service suite","HIGH","backend/app/Services/, docs/audit/PHASE_6_BACKEND_RESPONSIBILITY_MAP.csv","Core framework directory; preserve in place"
"ORG-BE-006","backend/app/Models/","DIRECTORY_FRAMEWORK","Backend Data Access","CodeIgniter Database Models","Services, Controllers","FRAMEWORK-MODELS","backend/app/Models/","Standard CodeIgniter 4 data access layer location","backend/app/Models/","FRAMEWORK-KEEP-IN-PLACE","None","None","NONE","NONE","NONE","NONE","None","KEEP","PHPUnit backend model tests","HIGH","backend/app/Models/, docs/audit/PHASE_6_BACKEND_RESPONSIBILITY_MAP.csv","Core framework directory; preserve in place"
"ORG-BE-007","backend/app/Database/","DIRECTORY_FRAMEWORK","Database Lineage","Migrations and Seeds","Spark CLI, Test Runners","FRAMEWORK-DATABASE","backend/app/Database/","Standard CodeIgniter 4 migration and seeder location","backend/app/Database/","FRAMEWORK-KEEP-IN-PLACE","None","None","NONE","NONE","NONE","NONE","None","KEEP","Migration reset & replay tests","HIGH","backend/app/Database/, docs/audit/PHASE_7_DATABASE_ARTIFACT_MAP.csv","Core framework directory; preserve in place"
"ORG-BE-008","backend/writable/backups/","DIRECTORY_RUNTIME","Runtime Storage / Backups","Automated Database Backups","MysqlDump Command","RUNTIME-BACKUPS","backend/writable/backups/","Local runtime storage for automated database defense snapshots","backend/writable/backups/","FRAMEWORK-KEEP-IN-PLACE","None","None","NONE","NONE","NONE","NONE","None","KEEP","Verify automated dump creation","HIGH","backend/writable/backups/, docs/audit/PHASE_9_DOCUMENTATION_ARTIFACT_REGISTER.csv","Runtime writable storage; local ignored backups remain in place"
"ORG-DOC-001","docs/audit/","DIRECTORY_AUDIT","Documentation / Audit Trail","Authoritative Phase Audit Reports & CSVs","Audit & Quality Assurance","AUDIT-TRAIL","docs/audit/","Authoritative repository audit artifacts (Phases 0 through 13)","docs/audit/","FRAMEWORK-KEEP-IN-PLACE","None","None","NONE","NONE","NONE","NONE","None","KEEP","Audit document link verification","HIGH","docs/audit/, docs/audit/PHASE_0_FREEZE_AND_SAFETY_BASELINE.md","Authoritative audit directory; stable across all phases"
