"Method","Route","FrontendCaller","Controller","Service","Policy","ModelOrTable","AuthRequirement","RoleScope","Compatibility","Status","Notes"
"POST","api/v1/auth/login","authService.login()","AuthController","LocalAuthService","None","users, local_auth_sessions","Public","All Users","None","ACTIVE","Issues local-defense session"
"GET","api/v1/auth/me","authService.getCurrentUser()","AuthController","LocalAuthService","None","users, user_roles","Bearer Token","Authenticated","None","ACTIVE","Restores session identity"
"POST","api/v1/auth/logout","authService.logout()","AuthController","LocalAuthService","None","local_auth_sessions","Bearer Token","Authenticated","None","ACTIVE","Invalidates local session"
"GET","api/v1/health","apiClient.get('/health')","HealthController","None","None","MySQL Database","Public","All","None","ACTIVE","Health & DB connectivity probe"
"GET","api/v1/reference/academic-hierarchy","ReferenceDataService","ReferenceDataController","PermanentReferenceService","None","colleges, academic_programs","Bearer Token","Authenticated","None","ACTIVE","Colleges & programs tree"
"GET","api/v1/reference/permanent-datasets","ReferenceDataService","ReferenceDataController","PermanentReferenceService","None","reference_fingerprints","Bearer Token","Authenticated","None","ACTIVE","SHA-256 dataset fingerprints"
"GET","api/v1/events","OrganizationController","EventController","AuthenticatedActorService","GovernancePolicy","org_events","Bearer Token","Authenticated","None","ACTIVE","Filtered campus events list"
"POST","api/v1/events","OrganizationController","EventController","AuthenticatedActorService","GovernancePolicy","org_events","Bearer Token","Org Moderator, Admin","None","ACTIVE","Creates campus event"
"GET","api/v1/events/{id}","OrganizationController","EventController","AuthenticatedActorService","GovernancePolicy","org_events","Bearer Token","Authenticated","None","ACTIVE","Single event detail"
"GET","api/v1/events/{id}/participants","OrganizationController","EventController","AuthenticatedActorService","GovernancePolicy","event_attendance","Bearer Token","Moderator, Admin","None","ACTIVE","Event attendance list"
"POST","api/v1/events/{id}/participants","OrganizationController","EventController","AuthenticatedActorService","GovernancePolicy","event_attendance","Bearer Token","Moderator, Officer","None","ACTIVE","Scans attendee badge"
"GET","api/v1/hr/personnel","TargetHRPersonnelController","TargetHRPersonnelController","AuthenticatedActorService","PersonnelPolicy","personnel_profiles, colleges","Bearer Token","HR Admin, Dean","None","ACTIVE","Directory search; direct DB join"
"POST","api/v1/hr/personnel/{id}/dean-role","TargetHRPersonnelController","TargetHRPersonnelController","AuthenticatedActorService","GovernancePolicy","dean_assignments","Bearer Token","HR Admin","Phase 5 Provisioning","ACTIVE","Assigns Dean governance role"
"DELETE","api/v1/hr/personnel/{id}/dean-role/{roleId}","TargetHRPersonnelController","TargetHRPersonnelController","AuthenticatedActorService","GovernancePolicy","dean_assignments","Bearer Token","HR Admin","Phase 5 Provisioning","ACTIVE","Revokes Dean role"
"GET","api/v1/hr/personnel/{id}/qualification-reviews","HRPersonnelController","HRPersonnelController","AuthenticatedActorService","PersonnelPolicy","hr_qualification_reviews","Bearer Token","HR Admin, Personnel","None","ACTIVE","Personnel qualification history"
"POST","api/v1/hr/personnel/{id}/qualification-reviews","HRPersonnelController","HRPersonnelController","AuthenticatedActorService","PersonnelPolicy","hr_qualification_reviews","Bearer Token","HR Admin","None","ACTIVE","Records qualification review"
"GET","api/v1/hr/dashboard","HRPersonnelController","HRPersonnelController","AuthenticatedActorService","PersonnelPolicy","hr_evaluations, personnel_profiles","Bearer Token","HR Admin","None","ACTIVE","HR dashboard metrics"
"GET","api/v1/hr/audit","HRPersonnelController","HRPersonnelController","AuthenticatedActorService","PersonnelPolicy","audit_logs","Bearer Token","HR Admin","None","ACTIVE","HR audit trail"
"GET","api/v1/hr/evaluations","HREvaluationController","HREvaluationController","HREvaluationEngine","PersonnelPolicy","hr_evaluations, personnel_profiles","Bearer Token","HR Admin, Dean","None","ACTIVE","Evaluation queue"
"POST","api/v1/hr/evaluations/{id}/start","HREvaluationController","HREvaluationController","HREvaluationEngine","PersonnelPolicy","hr_evaluations","Bearer Token","HR Admin","None","ACTIVE","Starts evaluation (in_progress)"
"POST","api/v1/hr/evaluations/{id}/return","HREvaluationController","HREvaluationController","HREvaluationEngine","PersonnelPolicy","hr_evaluations","Bearer Token","HR Admin","None","ACTIVE","Returns evaluation for revision"
"POST","api/v1/hr/evaluations/{id}/ready","HREvaluationController","HREvaluationController","HREvaluationEngine","PersonnelPolicy","hr_evaluations","Bearer Token","HR Admin","None","ACTIVE","Marks ready_for_final"
"POST","api/v1/hr/evaluations/{id}/finalize","HREvaluationController","HREvaluationController","HREvaluationEngine","PersonnelPolicy","hr_evaluations","Bearer Token","HR Admin","None","ACTIVE","Finalizes evaluation score"
"POST","api/v1/hr/evaluations/{id}/items/{itemId}/verify","HREvaluationController","HREvaluationController","HREvaluationEngine","PersonnelPolicy","evaluation_items","Bearer Token","HR Admin","None","ACTIVE","Verifies evaluation item"
"POST","api/v1/hr/evaluations/{id}/items/{itemId}/rate","HREvaluationController","HREvaluationController","HREvaluationEngine","PersonnelPolicy","evaluation_items","Bearer Token","HR Admin","None","ACTIVE","Rates criteria item score"
"GET","api/v1/hr/evaluations/{id}/report","HREvaluationController","HREvaluationController","HREvaluationEngine","PersonnelPolicy","hr_evaluation_reports","Bearer Token","HR Admin, Dean, Personnel","None","ACTIVE","Evaluation summary report"
"GET","api/v1/hr/evaluations/{id}/deficiencies","HREvaluationController","HREvaluationController","HREvaluationEngine","PersonnelPolicy","evaluation_deficiencies","Bearer Token","HR Admin, Personnel","None","ACTIVE","Lists deficiencies"
"POST","api/v1/hr/evaluations/{id}/deficiencies/{defId}/respond","HREvaluationController","HREvaluationController","HREvaluationEngine","PersonnelPolicy","evaluation_deficiencies","Bearer Token","Personnel","None","ACTIVE","Personnel response"
"POST","api/v1/hr/evaluations/{id}/deficiencies/{defId}/resolve","HREvaluationController","HREvaluationController","HREvaluationEngine","PersonnelPolicy","evaluation_deficiencies","Bearer Token","HR Admin","None","ACTIVE","HR resolves deficiency"
"POST","api/v1/hr/evaluations/{id}/deficiencies/{defId}/cancel","HREvaluationController","HREvaluationController","HREvaluationEngine","PersonnelPolicy","evaluation_deficiencies","Bearer Token","HR Admin","None","ACTIVE","HR cancels deficiency"
"GET","api/v1/hr/evaluations/{id}","HREvaluationController","HREvaluationController","HREvaluationEngine","PersonnelPolicy","hr_evaluations","Bearer Token","HR Admin, Dean, Personnel","None","ACTIVE","Evaluation detail"
"GET","api/v1/portfolio/categories","StudentPortfolioController","StudentPortfolioController","AuthenticatedActorService","StudentPortfolioPolicy","portfolio_categories","Bearer Token","Authenticated","None","ACTIVE","Portfolio category list"
"GET","api/v1/portfolio","StudentPortfolioController","StudentPortfolioController","AuthenticatedActorService","StudentPortfolioPolicy","portfolio_records","Bearer Token","Student, Coordinator","None","ACTIVE","Student portfolio list"
"POST","api/v1/portfolio","StudentPortfolioController","StudentPortfolioController","AuthenticatedActorService","StudentPortfolioPolicy","portfolio_records","Bearer Token","Student","None","ACTIVE","Creates portfolio item"
"GET","api/v1/portfolio/{id}","StudentPortfolioController","StudentPortfolioController","AuthenticatedActorService","StudentPortfolioPolicy","portfolio_records","Bearer Token","Student, Coordinator","None","ACTIVE","Portfolio item detail"
"PUT","api/v1/portfolio/{id}","StudentPortfolioController","StudentPortfolioController","AuthenticatedActorService","StudentPortfolioPolicy","portfolio_records","Bearer Token","Student","None","ACTIVE","Updates portfolio item"
"DELETE","api/v1/portfolio/{id}","StudentPortfolioController","StudentPortfolioController","AuthenticatedActorService","StudentPortfolioPolicy","portfolio_records","Bearer Token","Student","None","ACTIVE","Deletes draft portfolio item"
"POST","api/v1/portfolio/{id}/evidence","StudentPortfolioController","StudentPortfolioController","EvidenceStorageService","EvidencePolicy","evidence_files","Bearer Token","Student, Personnel","None","ACTIVE","Attaches evidence file"
"POST","api/v1/portfolio/{id}/verify","StudentPortfolioController","StudentPortfolioController","AuthenticatedActorService","StudentPortfolioPolicy","portfolio_records, verification_logs","Bearer Token","Program Coordinator","None","ACTIVE","Coordinator approval"
"POST","api/v1/portfolio/{id}/request-revision","StudentPortfolioController","StudentPortfolioController","AuthenticatedActorService","StudentPortfolioPolicy","portfolio_records, verification_logs","Bearer Token","Program Coordinator","None","ACTIVE","Coordinator revision request"
"POST","api/v1/portfolio/{id}/reject","StudentPortfolioController","StudentPortfolioController","AuthenticatedActorService","StudentPortfolioPolicy","portfolio_records, verification_logs","Bearer Token","Program Coordinator","None","ACTIVE","Coordinator rejection"
"POST","api/v1/portfolio/{id}/resubmit","StudentPortfolioController","StudentPortfolioController","AuthenticatedActorService","StudentPortfolioPolicy","portfolio_records, verification_logs","Bearer Token","Student","None","ACTIVE","Student resubmission"
"GET","api/v1/program-coordinator/verification-queue","StudentPortfolioController","StudentPortfolioController","AuthenticatedActorService","StudentPortfolioPolicy","portfolio_records, student_profiles","Bearer Token","Program Coordinator","None","ACTIVE","Program-isolated queue"
"GET","api/v1/osad/awards","AwardEvaluationController","AwardEvaluationController","AwardScoringEngine","AwardPolicy","award_definitions, award_criteria","Bearer Token","OSAD Admin, Dean, Student","None","ACTIVE","Lists 15 active awards"
"POST","api/v1/osad/awards/{id}/evaluate","AwardEvaluationController","AwardEvaluationController","AwardScoringEngine","AwardPolicy","award_evaluations","Bearer Token","OSAD Admin","None","ACTIVE","Automated 80% evaluation"
"POST","api/v1/osad/awards/{id}/candidate-threshold","AwardEvaluationController","AwardEvaluationController","AwardScoringEngine","AwardPolicy","award_definitions","Bearer Token","OSAD Admin","None","ACTIVE","Updates threshold [0..100]"
"GET","api/v1/osad/awards/{id}/candidates","AwardEvaluationController","AwardEvaluationController","AwardScoringEngine","AwardPolicy","award_evaluations, student_profiles","Bearer Token","OSAD Admin, Dean","None","ACTIVE","Lists potential candidates"
"GET","api/v1/osad/awards/{id}/students/{studentId}/basis","AwardEvaluationController","AwardEvaluationController","AwardScoringEngine","AwardPolicy","award_evaluations, portfolio_records","Bearer Token","OSAD Admin, Dean, Student","None","ACTIVE","Scoring basis report"
"POST","api/v1/dean/nominations","AwardEvaluationController","AwardEvaluationController","AwardScoringEngine","AwardPolicy","dean_nominations","Bearer Token","College Dean","None","ACTIVE","Dean nomination pathway"
"GET","api/v1/evidence/student/{id}","EvidenceController","EvidenceController","EvidenceStorageService","EvidencePolicy","evidence_files","Bearer Token","Student, Coordinator, OSAD","Replaces Supabase Storage","ACTIVE","Streams student evidence"
"GET","api/v1/evidence/student/{id}/download","EvidenceController","EvidenceController","EvidenceStorageService","EvidencePolicy","evidence_files","Bearer Token","Student, Coordinator, OSAD","Replaces Supabase Storage","ACTIVE","Downloads student evidence"
"GET","api/v1/evidence/personnel/{id}","EvidenceController","EvidenceController","EvidenceStorageService","EvidencePolicy","evidence_files","Bearer Token","Personnel, Dean, HR","Replaces Supabase Storage","ACTIVE","Streams personnel evidence"
"GET","api/v1/evidence/personnel/{id}/download","EvidenceController","EvidenceController","EvidenceStorageService","EvidencePolicy","evidence_files","Bearer Token","Personnel, Dean, HR","Replaces Supabase Storage","ACTIVE","Downloads personnel evidence"
