RouteID,RouteType,URLPath,QueryKey,AliasKey,ParentRoute,EntrySource,NavigationSource,AuthorizedRoles,GuardCondition,RenderedPage,RenderedComponent,LazyImport,RedirectTarget,ReachableFromNavigation,ReachableByDeepLink,HiddenButSupported,CompatibilityStatus,TestCoverage,EvidencePaths,InitialReachabilityStatus,Confidence,Notes
"ROUTE-PUB-001","PATH_ROUTE","/","","","","frontend/src/App.jsx:136","Brand Logo / Direct Root URL","PUBLIC","None (Public Entry)","LoginPage.jsx","LoginPage","NO","","YES","YES","NO","CURRENT","frontend/src/tests/liveE2EIntegration.test.js","frontend/src/App.jsx:136,frontend/src/pages/common/LoginPage.jsx","PROVEN ROUTE-REACHABLE","HIGH","Root application landing and authentication portal entry"
"ROUTE-PUB-002","PATH_ROUTE","/login","","","","frontend/src/App.jsx:137","Auth Guard Unauthorized Redirect / Direct Link","PUBLIC","None (Public Entry)","LoginPage.jsx","LoginPage","NO","","NO","YES","NO","CURRENT","frontend/src/tests/liveE2EIntegration.test.js","frontend/src/App.jsx:137,frontend/src/pages/common/LoginPage.jsx","PROVEN ROUTE-REACHABLE","HIGH","Explicit login route for unauthenticated sessions"
"ROUTE-PUB-003","PATH_ROUTE","/reset-password","","","","frontend/src/App.jsx:138","LoginPage Forgot Password Link","PUBLIC","None (Public Password Recovery Form)","ResetPasswordPage.jsx","ResetPasswordPage","YES","","NO","YES","NO","CURRENT","frontend/src/tests/authServicePasswordReset.test.js","frontend/src/App.jsx:138,frontend/src/pages/common/ResetPasswordPage.jsx","PROVEN ROUTE-REACHABLE","HIGH","Self-service password reset submission page"
"ROUTE-PUB-004","PATH_ROUTE","/change-password","","","","frontend/src/App.jsx:139","LayoutShell Mandatory Auth Guard Intercept","AUTHENTICATED (All Roles)","must_change_password === true","ChangePasswordPage.jsx","ChangePasswordPage","YES","","NO","YES","YES","CURRENT","frontend/src/tests/liveE2EIntegration.test.js","frontend/src/App.jsx:139,frontend/src/pages/common/ChangePasswordPage.jsx","PROVEN ROUTE-REACHABLE","HIGH","Enforced password update page for new accounts"
"ROUTE-PUB-005","PATH_ROUTE","/403","","","","frontend/src/App.jsx:140","RouteAccessController RBAC Rejection Redirect","PUBLIC","None (Error Terminal)","ForbiddenPage.jsx","ForbiddenPage","NO","","NO","YES","YES","CURRENT","frontend/src/tests/RouteAccessController.test.js","frontend/src/App.jsx:140,frontend/src/pages/common/ForbiddenPage.jsx","PROVEN ROUTE-REACHABLE","HIGH","HTTP 403 Forbidden access denial page"
"ROUTE-PUB-006","PATH_ROUTE","/verify/certificate/:publicId","","","","frontend/src/App.jsx:141","Digital Certificate QR Code / Direct URL","PUBLIC","None (Public Validation Endpoint)","PublicCertificateVerificationPage.jsx","PublicCertificateVerificationPage","YES","","NO","YES","NO","CURRENT","frontend/src/tests/CertificateIssuance.test.js","frontend/src/App.jsx:141,frontend/src/pages/common/PublicCertificateVerificationPage.jsx","PROVEN ROUTE-REACHABLE","HIGH","Public cryptographic certificate verification display"
"ROUTE-PUB-007","PATH_ROUTE","/scanner/:eventId","","","","frontend/src/App.jsx:192","Organization Moderator Event Scanner Link","personnel, organization_moderator","Authenticated Event Attendance Scanner","OfficerScannerPage.jsx","OfficerScannerPage","YES","","NO","YES","YES","CURRENT","frontend/src/pages/personnel/organization-moderator/AttendanceScannerModal.jsx","frontend/src/App.jsx:192,frontend/src/pages/personnel/organization-moderator/OfficerScannerPage.jsx","PROVEN ROUTE-REACHABLE","HIGH","Real-time event barcode/QR scanner workspace for officers"
"ROUTE-STU-001","PATH_ROUTE","/student/dashboard","","","","frontend/src/App.jsx:156","Student Sidebar: Dashboard (id: student-dashboard)","student","LayoutShell allowedAccountTypes=[student] requiredRoles=[student]","StudentDashboardPage.jsx","StudentDashboardPage","YES","","YES","YES","NO","CURRENT","frontend/src/tests/liveE2EIntegration.test.js","frontend/src/App.jsx:156,frontend/src/pages/student/StudentDashboardPage.jsx","PROVEN ROUTE-REACHABLE","HIGH","Student overview dashboard with summary stats, leaderboard, and recent activity"
"ROUTE-STU-002","PATH_ROUTE","/student/achievements","","","","frontend/src/App.jsx:157","Student Sidebar: Achievements (id: student-achievements)","student","LayoutShell allowedAccountTypes=[student] requiredRoles=[student]","StudentAchievementsPage.jsx","StudentAchievementsPage","YES","","YES","YES","NO","CURRENT","frontend/src/tests/liveE2EIntegration.test.js","frontend/src/App.jsx:157,frontend/src/pages/student/StudentAchievementsPage.jsx","PROVEN ROUTE-REACHABLE","HIGH","Student achievement management, submission creation, and status tracking"
"ROUTE-STU-003","PATH_ROUTE","/student/portfolio","","","","frontend/src/App.jsx:158","Student Sidebar: Portfolio (id: student-portfolio)","student","LayoutShell allowedAccountTypes=[student] requiredRoles=[student]","StudentPortfolioPage.jsx","StudentPortfolioPage","YES","","YES","YES","NO","CURRENT","frontend/src/tests/liveE2EIntegration.test.js","frontend/src/App.jsx:158,frontend/src/pages/student/StudentPortfolioPage.jsx","PROVEN ROUTE-REACHABLE","HIGH","Official verified student accomplishments portfolio showcase"
"ROUTE-STU-004","PATH_ROUTE","/student/account","","","","frontend/src/App.jsx:159","Student Sidebar: Account (id: student-account)","student","LayoutShell allowedAccountTypes=[student] requiredRoles=[student]","AccountPage.jsx","AccountPage","YES","","YES","YES","NO","CURRENT","frontend/src/tests/liveE2EIntegration.test.js","frontend/src/App.jsx:159,frontend/src/pages/common/AccountPage.jsx","PROVEN ROUTE-REACHABLE","HIGH","Student profile, program, year level, and credentials management"
"ROUTE-STU-005","PATH_ROUTE","/student/settings","","","","frontend/src/App.jsx:160","Topbar Settings Link","student","LayoutShell allowedAccountTypes=[student] requiredRoles=[student]","SettingsPage.jsx","SettingsPage","YES","","NO","YES","YES","CURRENT","frontend/src/pages/common/SettingsPage.jsx","frontend/src/App.jsx:160,frontend/src/pages/common/SettingsPage.jsx","PROVEN ROUTE-REACHABLE","HIGH","Student UI theme, preferences, and session controls"
"ROUTE-STU-006","PATH_ROUTE","/student/notifications","","","","frontend/src/App.jsx:161","Topbar Notification Bell Icon","student","LayoutShell allowedAccountTypes=[student] requiredRoles=[student]","NotificationsPage.jsx","NotificationsPage","YES","","NO","YES","YES","CURRENT","frontend/src/pages/common/NotificationsPage.jsx","frontend/src/App.jsx:161,frontend/src/pages/common/NotificationsPage.jsx","PROVEN ROUTE-REACHABLE","HIGH","Student notification feed and system alerts"
"ROUTE-PER-001","PATH_ROUTE","/personnel/dashboard","","","","frontend/src/App.jsx:145","Personnel/Coordinator/Dean/Moderator Sidebar: Dashboard Overview","personnel, dean, program_coordinator, organization_moderator","LayoutShell allowedAccountTypes=[personnel] requiredRoles=[personnel]","PersonnelDashboardPage.jsx","PersonnelDashboardPage","YES","","YES","YES","NO","CURRENT","frontend/src/tests/liveE2EIntegration.test.js","frontend/src/App.jsx:145,frontend/src/pages/personnel/PersonnelDashboardPage.jsx","PROVEN ROUTE-REACHABLE","HIGH","Core multi-context dashboard gateway: renders Personnel portfolio, Coordinator workspace, or Moderator studio"
"ROUTE-PER-002","PATH_ROUTE","/personnel/portfolio/edit","","","","frontend/src/App.jsx:146","Personnel Sidebar: Edit Portfolio (id: personnel-portfolio-edit)","personnel","ActiveRoleGuard allowedActiveContexts=[personnel]","PersonnelPortfolioEditPage.jsx","PersonnelPortfolioEditPage","YES","","YES","YES","NO","CURRENT","frontend/src/tests/liveE2EIntegration.test.js","frontend/src/App.jsx:146,frontend/src/pages/personnel/PersonnelPortfolioEditPage.jsx","PROVEN ROUTE-REACHABLE","HIGH","Faculty portfolio editor, accomplishment CRUD, and evidence document manager"
"ROUTE-PER-003","PATH_ROUTE","/personnel/portfolio","","","","frontend/src/App.jsx:147","Personnel Sidebar: Portfolio (id: personnel-portfolio-showcase)","personnel","ActiveRoleGuard allowedActiveContexts=[personnel]","PersonnelPortfolioPage.jsx","PersonnelPortfolioPage","YES","","YES","YES","NO","CURRENT","frontend/src/tests/usePersonnelPortfolio.test.js","frontend/src/App.jsx:147,frontend/src/pages/personnel/PersonnelPortfolioPage.jsx","PROVEN ROUTE-REACHABLE","HIGH","Personnel professional dossier presentation and export booklet"
"ROUTE-PER-004","PATH_ROUTE","/personnel/achievements","","","","frontend/src/App.jsx:148","Legacy Path / Deep Link","personnel","ActiveRoleGuard allowedActiveContexts=[personnel]","PersonnelAchievementsPage.jsx","PersonnelAchievementsPage","YES","","NO","YES","YES","CURRENT","frontend/src/tests/ui_achievements.test.jsx","frontend/src/App.jsx:148,frontend/src/pages/personnel/PersonnelAchievementsPage.jsx","PROVEN ROUTE-REACHABLE","HIGH","Personnel achievements catalog and filter workspace"
"ROUTE-PER-005","PATH_ROUTE","/personnel/account","","","","frontend/src/App.jsx:149","Personnel Sidebar: Account (id: personnel-account)","personnel, dean, program_coordinator, organization_moderator","LayoutShell allowedAccountTypes=[personnel] requiredRoles=[personnel]","AccountPage.jsx","AccountPage","YES","","YES","YES","NO","CURRENT","frontend/src/tests/liveE2EIntegration.test.js","frontend/src/App.jsx:149,frontend/src/pages/common/AccountPage.jsx","PROVEN ROUTE-REACHABLE","HIGH","Personnel profile, academic placement, role context switcher"
"ROUTE-PER-006","PATH_ROUTE","/personnel/settings","","","","frontend/src/App.jsx:150","Topbar Settings Link","personnel, dean, program_coordinator, organization_moderator","LayoutShell allowedAccountTypes=[personnel] requiredRoles=[personnel]","SettingsPage.jsx","SettingsPage","YES","","NO","YES","YES","CURRENT","frontend/src/pages/common/SettingsPage.jsx","frontend/src/App.jsx:150,frontend/src/pages/common/SettingsPage.jsx","PROVEN ROUTE-REACHABLE","HIGH","Personnel theme and notification preferences"
"ROUTE-PER-007","PATH_ROUTE","/personnel/notifications","","","","frontend/src/App.jsx:151","Topbar Notification Bell Icon","personnel, dean, program_coordinator, organization_moderator","LayoutShell allowedAccountTypes=[personnel] requiredRoles=[personnel]","NotificationsPage.jsx","NotificationsPage","YES","","NO","YES","YES","CURRENT","frontend/src/pages/common/NotificationsPage.jsx","frontend/src/App.jsx:151,frontend/src/pages/common/NotificationsPage.jsx","PROVEN ROUTE-REACHABLE","HIGH","Personnel notifications and approval alerts"
"ROUTE-HR-001","PATH_ROUTE","/hr/dashboard","","","","frontend/src/App.jsx:166","HR Sidebar: HR Dashboard (id: hr-dashboard)","hr_admin","LayoutShell allowedAccountTypes=[hr_admin] requiredRoles=[hr_staff]","HRDashboardPage.jsx","HRDashboardPage","YES","","YES","YES","NO","CURRENT","frontend/src/tests/liveE2EIntegration.test.js","frontend/src/App.jsx:166,frontend/src/pages/hr-admin/HRDashboardPage.jsx","PROVEN ROUTE-REACHABLE","HIGH","HR executive command dashboard with institutional KPIs, faculty statistics, and action queues"
"ROUTE-HR-002","PATH_ROUTE","/hr/personnel-directory","","","","frontend/src/App.jsx:167","HR Sidebar: Personnel Directory (id: hr-personnel-directory)","hr_admin","LayoutShell allowedAccountTypes=[hr_admin] requiredRoles=[hr_staff]","HRPersonnelDirectoryPage.jsx","HRPersonnelDirectoryPage","YES","","YES","YES","NO","CURRENT","frontend/src/pages/hr-admin/personnel-directory/__tests__/PersonnelDirectorySearchAndFilter.test.js","frontend/src/App.jsx:167,frontend/src/pages/hr-admin/HRPersonnelDirectoryPage.jsx","PROVEN ROUTE-REACHABLE","HIGH","Personnel roster, onboarding modal, Dean assignments, and profile management"
"ROUTE-HR-003","PATH_ROUTE","/hr/evaluation-submissions","","","","frontend/src/App.jsx:168","HR Sidebar: Evaluation Submissions (id: hr-evaluation-submissions)","hr_admin","LayoutShell allowedAccountTypes=[hr_admin] requiredRoles=[hr_staff]","HREvaluationSubmissionsPage.jsx","HREvaluationSubmissionsPage","YES","","YES","YES","NO","CURRENT","frontend/src/pages/hr-admin/evaluation-submissions/evaluation/rating/__tests__/NDMURatingEngine.test.js","frontend/src/App.jsx:168,frontend/src/pages/hr-admin/HREvaluationSubmissionsPage.jsx","PROVEN ROUTE-REACHABLE","HIGH","HR portfolio evaluation studio with 6-criteria matrix engine and evidence pane"
"ROUTE-HR-004","PATH_ROUTE","/hr/faculty-evaluation-and-ranking","","","","frontend/src/App.jsx:169","Direct Link / Legacy Alias","hr_admin","LayoutShell allowedAccountTypes=[hr_admin] requiredRoles=[hr_staff]","HRFacultyEvaluationOversightPage.jsx","HRFacultyEvaluationOversightPage","YES","","NO","YES","YES","CURRENT","frontend/src/tests/liveE2EIntegration.test.js","frontend/src/App.jsx:169,frontend/src/pages/hr-admin/HRFacultyEvaluationOversightPage.jsx","PROVEN ROUTE-REACHABLE","HIGH","Institutional faculty ranking oversight and points summary"
"ROUTE-HR-005","PATH_ROUTE","/hr/audit-trail","","","","frontend/src/App.jsx:170","HR Sidebar: HR Audit Trail (id: hr-audit-trail)","hr_admin","LayoutShell allowedAccountTypes=[hr_admin] requiredRoles=[hr_staff]","HRAuditTrailPage.jsx","HRAuditTrailPage","YES","","YES","YES","NO","CURRENT","frontend/src/tests/liveE2EIntegration.test.js","frontend/src/App.jsx:170,frontend/src/pages/hr-admin/HRAuditTrailPage.jsx","PROVEN ROUTE-REACHABLE","HIGH","HR governance immutable audit trail log"
"ROUTE-HR-006","PATH_ROUTE","/hr/rank-assignment-logs","","","","frontend/src/App.jsx:171","HR Sidebar: Rank Assignment Logs (id: hr-rank-assignment-logs)","hr_admin","LayoutShell allowedAccountTypes=[hr_admin] requiredRoles=[hr_staff]","HRRankAssignmentLogsPage.jsx","HRRankAssignmentLogsPage","YES","","YES","YES","NO","CURRENT","frontend/src/tests/liveE2EIntegration.test.js","frontend/src/App.jsx:171,frontend/src/pages/hr-admin/HRRankAssignmentLogsPage.jsx","PROVEN ROUTE-REACHABLE","HIGH","Historical faculty rank change and promotional audit logs"
"ROUTE-HR-007","PATH_ROUTE","/hr/password-resets","","","","frontend/src/App.jsx:172","HR Sidebar: Password Resets (id: hr-password-resets)","hr_admin","LayoutShell allowedAccountTypes=[hr_admin] requiredRoles=[hr_staff]","HRPasswordResetRequestsPage.jsx","HRPasswordResetRequestsPage","YES","","YES","YES","NO","CURRENT","frontend/src/tests/passwordResetAdminService.test.js","frontend/src/App.jsx:172,frontend/src/pages/hr-admin/HRPasswordResetRequestsPage.jsx","PROVEN ROUTE-REACHABLE","HIGH","Personnel password reset verification and issuance queue"
"ROUTE-HR-008","PATH_ROUTE","/hr/account","","","","frontend/src/App.jsx:173","Topbar Profile / Redirect Target","hr_admin","LayoutShell allowedAccountTypes=[hr_admin] requiredRoles=[hr_staff]","AccountPage.jsx","AccountPage","YES","","NO","YES","YES","CURRENT","frontend/src/tests/liveE2EIntegration.test.js","frontend/src/App.jsx:173,frontend/src/pages/common/AccountPage.jsx","PROVEN ROUTE-REACHABLE","HIGH","HR Administrator profile account view"
"ROUTE-HR-009","PATH_ROUTE","/hr/settings","","","","frontend/src/App.jsx:174","Topbar Settings Link","hr_admin","LayoutShell allowedAccountTypes=[hr_admin] requiredRoles=[hr_staff]","SettingsPage.jsx","SettingsPage","YES","","NO","YES","YES","CURRENT","frontend/src/pages/common/SettingsPage.jsx","frontend/src/App.jsx:174,frontend/src/pages/common/SettingsPage.jsx","PROVEN ROUTE-REACHABLE","HIGH","HR Administrator UI settings"
"ROUTE-OSAD-001","PATH_ROUTE","/osad/dashboard","","","","frontend/src/App.jsx:186","OSAD Sidebar: OSAD Dashboard (id: osad-dashboard)","osad_admin","LayoutShell allowedAccountTypes=[osad_admin] requiredRoles=[osad_staff]","OSADDashboardPage.jsx","OSADDashboardPage","YES","","YES","YES","NO","CURRENT","frontend/src/tests/liveE2EIntegration.test.js","frontend/src/App.jsx:186,frontend/src/pages/osad-admin/OSADDashboardPage.jsx","PROVEN ROUTE-REACHABLE","HIGH","OSAD multi-workspace portal shell dispatching 10 specialized query tabs"
"ROUTE-OSAD-002","PATH_ROUTE","/osad/account","","","","frontend/src/App.jsx:187","Topbar Profile","osad_admin","LayoutShell allowedAccountTypes=[osad_admin] requiredRoles=[osad_staff]","AccountPage.jsx","AccountPage","YES","","NO","YES","YES","CURRENT","frontend/src/tests/liveE2EIntegration.test.js","frontend/src/App.jsx:187,frontend/src/pages/common/AccountPage.jsx","PROVEN ROUTE-REACHABLE","HIGH","OSAD administrator account details"
"ROUTE-OSAD-003","PATH_ROUTE","/osad/settings","","","","frontend/src/App.jsx:188","Topbar Settings","osad_admin","LayoutShell allowedAccountTypes=[osad_admin] requiredRoles=[osad_staff]","SettingsPage.jsx","SettingsPage","YES","","NO","YES","YES","CURRENT","frontend/src/pages/common/SettingsPage.jsx","frontend/src/App.jsx:188,frontend/src/pages/common/SettingsPage.jsx","PROVEN ROUTE-REACHABLE","HIGH","OSAD administrator preferences"
"ROUTE-OSAD-004","PATH_ROUTE","/osad/notifications","","","","frontend/src/App.jsx:189","Topbar Notification Bell","osad_admin","LayoutShell allowedAccountTypes=[osad_admin] requiredRoles=[osad_staff]","NotificationsPage.jsx","NotificationsPage","YES","","NO","YES","YES","CURRENT","frontend/src/pages/common/NotificationsPage.jsx","frontend/src/App.jsx:189,frontend/src/pages/common/NotificationsPage.jsx","PROVEN ROUTE-REACHABLE","HIGH","OSAD notifications feed"
"ROUTE-TAB-OSAD-001","QUERY_TAB_ROUTE","/osad/dashboard","tab=overview","","/osad/dashboard","frontend/src/pages/osad-admin/OSADDashboardPage.jsx:35","Sidebar: OSAD Dashboard (id: osad-dashboard)","osad_admin","active_role_context=osad_staff","OSADCommandCenterPage.jsx","OSADCommandCenterPage","NO","","YES","YES","NO","CURRENT","frontend/src/tests/liveE2EIntegration.test.js","frontend/src/pages/osad-admin/OSADDashboardPage.jsx,frontend/src/pages/osad-admin/OSADCommandCenterPage.jsx","PROVEN ROUTE-REACHABLE","HIGH","OSAD executive metrics, quick actions, and student engagement telemetry"
"ROUTE-TAB-OSAD-002","QUERY_TAB_ROUTE","/osad/dashboard","tab=academic-programs","tab=academic-structure","/osad/dashboard","frontend/src/pages/osad-admin/OSADDashboardPage.jsx:38","Sidebar: Academic Structure (id: osad-academic-structure)","osad_admin","active_role_context=osad_staff","OSADAcademicProgramsPage.jsx","OSADAcademicProgramsPage","NO","","YES","YES","NO","CURRENT","frontend/src/tests/OSADAcademicHierarchy.test.js","frontend/src/pages/osad-admin/OSADDashboardPage.jsx,frontend/src/pages/osad-admin/OSADAcademicProgramsPage.jsx","PROVEN ROUTE-REACHABLE","HIGH","Colleges and academic degree programs hierarchy manager"
"ROUTE-TAB-OSAD-003","QUERY_TAB_ROUTE","/osad/dashboard","tab=accounts","","/osad/dashboard","frontend/src/pages/osad-admin/OSADDashboardPage.jsx:194","Sidebar: Student Accounts (id: osad-student-accounts)","osad_admin","active_role_context=osad_staff","OSADStudentAccountsPage.jsx","OSADStudentAccountsPage","NO","","YES","YES","NO","CURRENT","frontend/src/tests/liveE2EIntegration.test.js","frontend/src/pages/osad-admin/OSADDashboardPage.jsx,frontend/src/pages/osad-admin/OSADStudentAccountsPage.jsx","PROVEN ROUTE-REACHABLE","HIGH","Student directory, dossiers, points audit, and account status controls"
"ROUTE-TAB-OSAD-004","QUERY_TAB_ROUTE","/osad/dashboard","tab=organizations","","/osad/dashboard","frontend/src/pages/osad-admin/OSADDashboardPage.jsx:204","Sidebar: Student Organizations (id: osad-student-organizations)","osad_admin","active_role_context=osad_staff","OSADStudentOrganizationsPage.jsx","OSADStudentOrganizationsPage","NO","","YES","YES","NO","CURRENT","frontend/src/tests/liveE2EIntegration.test.js","frontend/src/pages/osad-admin/OSADDashboardPage.jsx,frontend/src/pages/osad-admin/OSADStudentOrganizationsPage.jsx","PROVEN ROUTE-REACHABLE","HIGH","Student clubs, academic organizations, and moderator assignments"
"ROUTE-TAB-OSAD-005","QUERY_TAB_ROUTE","/osad/dashboard","tab=awards","","/osad/dashboard","frontend/src/pages/osad-admin/OSADDashboardPage.jsx:214","Sidebar: Award Categories (id: osad-award-categories)","osad_admin","active_role_context=osad_staff","OSADAwardCategoriesPage.jsx","OSADAwardCategoriesPage","NO","","YES","YES","NO","CURRENT","frontend/src/tests/AwardCycleModel.test.js","frontend/src/pages/osad-admin/OSADDashboardPage.jsx,frontend/src/pages/osad-admin/OSADAwardCategoriesPage.jsx","PROVEN ROUTE-REACHABLE","HIGH","Award categories, points threshold rules, and evaluation prerequisites"
"ROUTE-TAB-OSAD-006","QUERY_TAB_ROUTE","/osad/dashboard","tab=certificate-templates","","/osad/dashboard","frontend/src/pages/osad-admin/OSADDashboardPage.jsx:221","Sidebar: Certificate Templates (id: osad-certificate-templates)","osad_admin","active_role_context=osad_staff","OSADCertificateTemplatesPage.jsx","OSADCertificateTemplatesPage","NO","","YES","YES","NO","CURRENT","frontend/src/tests/CertificateTemplateRegistry.test.js","frontend/src/pages/osad-admin/OSADDashboardPage.jsx,frontend/src/pages/osad-admin/OSADCertificateTemplatesPage.jsx","PROVEN ROUTE-REACHABLE","HIGH","Institutional certificate templates editor, layout designer, and placeholder engine"
"ROUTE-TAB-OSAD-007","QUERY_TAB_ROUTE","/osad/dashboard","tab=candidate-review","tab=awardees","/osad/dashboard","frontend/src/pages/osad-admin/OSADDashboardPage.jsx:225","Sidebar: Award Candidate Review (id: osad-award-candidate-review)","osad_admin","active_role_context=osad_staff","OSADAwardCandidateReviewPage.jsx","OSADAwardCandidateReviewPage","NO","","YES","YES","NO","CURRENT","frontend/src/tests/AwardPortfolioReviewService.test.js","frontend/src/pages/osad-admin/OSADDashboardPage.jsx,frontend/src/pages/osad-admin/OSADAwardCandidateReviewPage.jsx","PROVEN ROUTE-REACHABLE","HIGH","Student award candidate review, 80% evaluation benchmark, and Dean confirmation engine"
"ROUTE-TAB-OSAD-008","QUERY_TAB_ROUTE","/osad/dashboard","tab=reports","","/osad/dashboard","frontend/src/pages/osad-admin/OSADDashboardPage.jsx:243","Sidebar: Accreditation Reports (id: osad-accreditation-reports)","osad_admin","active_role_context=osad_staff","OSADAccreditationReportsPage.jsx","OSADAccreditationReportsPage","NO","","YES","YES","NO","CURRENT","frontend/src/tests/Stage1CandidateReportService.test.js","frontend/src/pages/osad-admin/OSADDashboardPage.jsx,frontend/src/pages/osad-admin/OSADAccreditationReportsPage.jsx","PROVEN ROUTE-REACHABLE","HIGH","CHED/PAASCU accreditation matrix export and batch reporting center"
"ROUTE-TAB-OSAD-009","QUERY_TAB_ROUTE","/osad/dashboard","tab=audit","","/osad/dashboard","frontend/src/pages/osad-admin/OSADDashboardPage.jsx:251","Sidebar: OSAD Activity Log (id: osad-activity-log)","osad_admin","active_role_context=osad_staff","OSADSystemAuditLogsPage.jsx","OSADSystemAuditLogsPage","NO","","YES","YES","NO","CURRENT","frontend/src/tests/liveE2EIntegration.test.js","frontend/src/pages/osad-admin/OSADDashboardPage.jsx,frontend/src/pages/osad-admin/OSADSystemAuditLogsPage.jsx","PROVEN ROUTE-REACHABLE","HIGH","OSAD system audit trail and user action timeline"
"ROUTE-TAB-OSAD-010","QUERY_TAB_ROUTE","/osad/dashboard","tab=password-resets","","/osad/dashboard","frontend/src/pages/osad-admin/OSADDashboardPage.jsx:258","Sidebar: Password Resets (id: osad-password-resets)","osad_admin","active_role_context=osad_staff","OSADPasswordResetRequestsPage.jsx","OSADPasswordResetRequestsPage","NO","","YES","YES","NO","CURRENT","frontend/src/tests/passwordResetAdminService.test.js","frontend/src/pages/osad-admin/OSADDashboardPage.jsx,frontend/src/pages/osad-admin/OSADPasswordResetRequestsPage.jsx","PROVEN ROUTE-REACHABLE","HIGH","Student password reset verification and resolution terminal"
"ROUTE-TAB-COORD-001","QUERY_TAB_ROUTE","/personnel/dashboard","tab=overview","","/personnel/dashboard","frontend/src/pages/personnel/program-coordinator/CoordinatorDashboardPage.jsx:60","Coordinator Sidebar: Dashboard Overview (id: coordinator-dashboard-overview)","program_coordinator","active_role_context=program_coordinator","CoordinatorDashboardPage.jsx","CoordinatorDashboardPage","NO","","YES","YES","NO","CURRENT","frontend/src/pages/personnel/program-coordinator/__tests__/CoordinatorMetricsSidebar.test.jsx","frontend/src/pages/personnel/program-coordinator/CoordinatorDashboardPage.jsx","PROVEN ROUTE-REACHABLE","HIGH","Program Coordinator metric widgets, submission velocity, and queue summary"
"ROUTE-TAB-COORD-002","QUERY_TAB_ROUTE","/personnel/dashboard","tab=workspace","","/personnel/dashboard","frontend/src/pages/personnel/program-coordinator/CoordinatorDashboardPage.jsx:75","Coordinator Sidebar: Verification Workspace (id: coordinator-verification-workspace)","program_coordinator","active_role_context=program_coordinator","CoordinatorDashboardPage.jsx","CoordinatorDashboardPage (Workspace Tab)","NO","","YES","YES","NO","CURRENT","frontend/src/tests/liveE2EIntegration.test.js","frontend/src/pages/personnel/program-coordinator/CoordinatorDashboardPage.jsx","PROVEN ROUTE-REACHABLE","HIGH","In-scope student achievement verification queue, evidence viewer, approve, and return for revision"
"ROUTE-TAB-COORD-003","QUERY_TAB_ROUTE","/personnel/dashboard","tab=students","","/personnel/dashboard","frontend/src/pages/personnel/program-coordinator/CoordinatorDashboardPage.jsx:90","Coordinator Sidebar: Student Roster & Dossiers (id: coordinator-student-roster)","program_coordinator","active_role_context=program_coordinator","CoordinatorDashboardPage.jsx","CoordinatorDashboardPage (Roster Tab)","NO","","YES","YES","NO","CURRENT","frontend/src/tests/liveE2EIntegration.test.js","frontend/src/pages/personnel/program-coordinator/CoordinatorDashboardPage.jsx","PROVEN ROUTE-REACHABLE","HIGH","Program student roster, dossiers, and academic accomplishment breakdowns"
"ROUTE-TAB-MOD-001","QUERY_TAB_ROUTE","/personnel/dashboard","tab=overview","tab=dashboard","/personnel/dashboard","frontend/src/pages/personnel/organization-moderator/OrganizationModeratorDashboardPage.jsx:55","Moderator Sidebar: Dashboard Overview (id: moderator-dashboard-overview)","organization_moderator","active_role_context=organization_moderator","OrganizationModeratorDashboardPage.jsx","OrganizationModeratorDashboardPage","NO","","YES","YES","NO","CURRENT","frontend/src/tests/liveE2EIntegration.test.js","frontend/src/pages/personnel/organization-moderator/OrganizationModeratorDashboardPage.jsx","PROVEN ROUTE-REACHABLE","HIGH","Organization moderator command overview, event attendance velocity, and active certificates"
"ROUTE-TAB-MOD-002","QUERY_TAB_ROUTE","/personnel/dashboard","tab=events","","/personnel/dashboard","frontend/src/pages/personnel/organization-moderator/OrganizationModeratorDashboardPage.jsx:56","Moderator Sidebar: Events & Activities (id: moderator-events)","organization_moderator","active_role_context=organization_moderator","OrganizationModeratorDashboardPage.jsx","OrganizationModeratorDashboardPage (Events Tab)","NO","","YES","YES","NO","CURRENT","frontend/src/tests/liveE2EIntegration.test.js","frontend/src/pages/personnel/organization-moderator/OrganizationModeratorDashboardPage.jsx","PROVEN ROUTE-REACHABLE","HIGH","Organization event creation, management, scheduling, and attendance mode toggles"
"ROUTE-TAB-MOD-003","QUERY_TAB_ROUTE","/personnel/dashboard","tab=attendance","","/personnel/dashboard","frontend/src/pages/personnel/organization-moderator/OrganizationModeratorDashboardPage.jsx:57","Moderator Sidebar: Attendance Management (id: moderator-attendance)","organization_moderator","active_role_context=organization_moderator","OrganizationModeratorDashboardPage.jsx","OrganizationModeratorDashboardPage (Attendance Tab)","NO","","YES","YES","NO","CURRENT","frontend/src/tests/liveE2EIntegration.test.js","frontend/src/pages/personnel/organization-moderator/OrganizationModeratorDashboardPage.jsx","PROVEN ROUTE-REACHABLE","HIGH","Live attendance monitoring, check-in logs, and scanner activation"
"ROUTE-TAB-MOD-004","QUERY_TAB_ROUTE","/personnel/dashboard","tab=certificates","","/personnel/dashboard","frontend/src/pages/personnel/organization-moderator/OrganizationModeratorDashboardPage.jsx:58","Moderator Sidebar: Digital Certificates (id: moderator-certificates)","organization_moderator","active_role_context=organization_moderator","DigitalCertificatesWorkspace.jsx","DigitalCertificatesWorkspace","NO","","YES","YES","NO","CURRENT","frontend/src/tests/CertificateIssuance.test.js","frontend/src/pages/personnel/organization-moderator/certificates/DigitalCertificatesWorkspace.jsx","PROVEN ROUTE-REACHABLE","HIGH","Digital certificate issuance wizard, signatory approval vault, and batch distribution"
"ROUTE-TAB-MOD-005","QUERY_TAB_ROUTE","/personnel/dashboard","tab=profile","","/personnel/dashboard","frontend/src/pages/personnel/organization-moderator/OrganizationModeratorDashboardPage.jsx:59","Moderator Sidebar: Organization Profile (id: moderator-profile)","organization_moderator","active_role_context=organization_moderator","OrganizationModeratorDashboardPage.jsx","OrganizationModeratorDashboardPage (Profile Tab)","NO","","YES","YES","NO","CURRENT","frontend/src/tests/liveE2EIntegration.test.js","frontend/src/pages/personnel/organization-moderator/OrganizationModeratorDashboardPage.jsx","PROVEN ROUTE-REACHABLE","HIGH","Organization charter, moderator details, and officer roster profile"
"ROUTE-TAB-DEAN-001","QUERY_TAB_ROUTE","/personnel/dashboard","tab=overview","","/personnel/dashboard","frontend/src/config/navigationCatalog.js:224","Dean Sidebar: Dean Dashboard (id: dean-dashboard-overview)","dean","active_role_context=dean","PersonnelDashboardPage.jsx","PersonnelDashboardPage","NO","","YES","YES","NO","CURRENT","frontend/src/tests/liveE2EIntegration.test.js","frontend/src/config/navigationCatalog.js:224,frontend/src/pages/personnel/PersonnelDashboardPage.jsx","PROVEN ROUTE-REACHABLE","HIGH","Dean college oversight and personal accomplishment dashboard"
"ROUTE-TAB-DEAN-002","QUERY_TAB_ROUTE","/personnel/dashboard","tab=workspace","","/personnel/dashboard","frontend/src/config/navigationCatalog.js:235","Dean Sidebar: Faculty Ranking Reviews (id: dean-review-workspace)","dean","active_role_context=dean","PersonnelDashboardPage.jsx","PersonnelDashboardPage","NO","","YES","YES","NO","CURRENT","frontend/src/tests/liveE2EIntegration.test.js","frontend/src/config/navigationCatalog.js:235,frontend/src/pages/personnel/PersonnelDashboardPage.jsx","PROVEN ROUTE-REACHABLE","HIGH","College-scoped faculty ranking review and endorsement workspace"
"ROUTE-TAB-DEAN-003","QUERY_TAB_ROUTE","/personnel/dashboard","tab=personnel","","/personnel/dashboard","frontend/src/config/navigationCatalog.js:246","Dean Sidebar: College Faculty Roster (id: dean-faculty-roster)","dean","active_role_context=dean","PersonnelDashboardPage.jsx","PersonnelDashboardPage","NO","","YES","YES","NO","CURRENT","frontend/src/tests/liveE2EIntegration.test.js","frontend/src/config/navigationCatalog.js:246,frontend/src/pages/personnel/PersonnelDashboardPage.jsx","PROVEN ROUTE-REACHABLE","HIGH","Dean college faculty roster and academic portfolio viewer"
"ROUTE-REDIR-001","REDIRECT","/hr/profile","","","","frontend/src/App.jsx:177","Legacy Deep Link / Bookmark","hr_admin","LayoutShell allowedAccountTypes=[hr_admin] requiredRoles=[hr_staff]","AccountPage.jsx","Navigate","NO","/hr/account","NO","YES","YES","LEGACY-COMPATIBILITY","frontend/src/tests/RouteAccessController.test.js","frontend/src/App.jsx:177","PROVEN ROUTE-REACHABLE","HIGH","Legacy compatibility redirect: /hr/profile -> /hr/account"
"ROUTE-REDIR-002","REDIRECT","/hr/personnel-governance","","","","frontend/src/App.jsx:178","Legacy Deep Link / Bookmark","hr_admin","LayoutShell allowedAccountTypes=[hr_admin] requiredRoles=[hr_staff]","HRPersonnelDirectoryPage.jsx","Navigate","NO","/hr/personnel-directory","NO","YES","YES","LEGACY-COMPATIBILITY","frontend/src/tests/RouteAccessController.test.js","frontend/src/App.jsx:178","PROVEN ROUTE-REACHABLE","HIGH","Legacy compatibility redirect: /hr/personnel-governance -> /hr/personnel-directory"
"ROUTE-REDIR-003","REDIRECT","/hr/verification-queue","","","","frontend/src/App.jsx:179","Legacy Deep Link / Bookmark","hr_admin","LayoutShell allowedAccountTypes=[hr_admin] requiredRoles=[hr_staff]","HREvaluationSubmissionsPage.jsx","Navigate","NO","/hr/evaluation-submissions","NO","YES","YES","LEGACY-COMPATIBILITY","frontend/src/tests/RouteAccessController.test.js","frontend/src/App.jsx:179","PROVEN ROUTE-REACHABLE","HIGH","Legacy compatibility redirect: /hr/verification-queue -> /hr/evaluation-submissions"
"ROUTE-REDIR-004","REDIRECT","/hr/faculty-ranking-and-matrix","","","","frontend/src/App.jsx:180","Legacy Deep Link / Bookmark","hr_admin","LayoutShell allowedAccountTypes=[hr_admin] requiredRoles=[hr_staff]","HRFacultyEvaluationOversightPage.jsx","Navigate","NO","/hr/faculty-evaluation-and-ranking","NO","YES","YES","LEGACY-COMPATIBILITY","frontend/src/tests/RouteAccessController.test.js","frontend/src/App.jsx:180","PROVEN ROUTE-REACHABLE","HIGH","Legacy compatibility redirect: /hr/faculty-ranking-and-matrix -> /hr/faculty-evaluation-and-ranking"
"ROUTE-REDIR-005","REDIRECT","/hr/accreditation-and-audit-logs","","","","frontend/src/App.jsx:181","Legacy Deep Link / Bookmark","hr_admin","LayoutShell allowedAccountTypes=[hr_admin] requiredRoles=[hr_staff]","HRAuditTrailPage.jsx","Navigate","NO","/hr/audit-trail","NO","YES","YES","LEGACY-COMPATIBILITY","frontend/src/tests/RouteAccessController.test.js","frontend/src/App.jsx:181","PROVEN ROUTE-REACHABLE","HIGH","Legacy compatibility redirect: /hr/accreditation-and-audit-logs -> /hr/audit-trail"
"ROUTE-REDIR-006","REDIRECT","/personnel","","","","frontend/src/App.jsx:194","Direct Top-level Shortcut","personnel","None","PersonnelDashboardPage.jsx","Navigate","NO","/personnel/dashboard","NO","YES","YES","CURRENT","frontend/src/tests/RouteAccessController.test.js","frontend/src/App.jsx:194","PROVEN ROUTE-REACHABLE","HIGH","Portal root alias redirect: /personnel -> /personnel/dashboard"
"ROUTE-REDIR-007","REDIRECT","/depsec","","","","frontend/src/App.jsx:195","Legacy Department Secretary Route","personnel","None","PersonnelDashboardPage.jsx","Navigate","NO","/personnel/dashboard","NO","YES","YES","NAMING-REVIEW-CANDIDATE","frontend/src/tests/RouteAccessController.test.js","frontend/src/App.jsx:195","PROVEN ROUTE-REACHABLE","HIGH","Legacy redirect: /depsec -> /personnel/dashboard (preserves backward compatibility from pre-defense naming)"
"ROUTE-REDIR-008","REDIRECT","/coordinator","","","","frontend/src/App.jsx:196","Direct Coordinator Shortcut","personnel","None","PersonnelDashboardPage.jsx","Navigate","NO","/personnel/dashboard","NO","YES","YES","CURRENT","frontend/src/tests/RouteAccessController.test.js","frontend/src/App.jsx:196","PROVEN ROUTE-REACHABLE","HIGH","Portal alias redirect: /coordinator -> /personnel/dashboard"
"ROUTE-REDIR-009","REDIRECT","/org-moderator","","","","frontend/src/App.jsx:197","Direct Moderator Shortcut","personnel","None","PersonnelDashboardPage.jsx","Navigate","NO","/personnel/dashboard","NO","YES","YES","CURRENT","frontend/src/tests/RouteAccessController.test.js","frontend/src/App.jsx:197","PROVEN ROUTE-REACHABLE","HIGH","Portal alias redirect: /org-moderator -> /personnel/dashboard"
"ROUTE-REDIR-010","REDIRECT","/account","","","","frontend/src/App.jsx:198","Generic Account Link","AUTHENTICATED (All Roles)","None","AccountPage.jsx","Navigate","NO","/personnel/account","NO","YES","YES","CURRENT","frontend/src/tests/RouteAccessController.test.js","frontend/src/App.jsx:198","PROVEN ROUTE-REACHABLE","HIGH","Generic top-level redirect: /account -> /personnel/account"
"ROUTE-REDIR-011","REDIRECT","/settings","","","","frontend/src/App.jsx:199","Generic Settings Link","AUTHENTICATED (All Roles)","None","SettingsPage.jsx","Navigate","NO","/personnel/settings","NO","YES","YES","CURRENT","frontend/src/tests/RouteAccessController.test.js","frontend/src/App.jsx:199","PROVEN ROUTE-REACHABLE","HIGH","Generic top-level redirect: /settings -> /personnel/settings"
"ROUTE-REDIR-012","REDIRECT","/notifications","","","","frontend/src/App.jsx:200","Generic Notifications Link","AUTHENTICATED (All Roles)","None","NotificationsPage.jsx","Navigate","NO","/personnel/notifications","NO","YES","YES","CURRENT","frontend/src/tests/RouteAccessController.test.js","frontend/src/App.jsx:200","PROVEN ROUTE-REACHABLE","HIGH","Generic top-level redirect: /notifications -> /personnel/notifications"
"ROUTE-FALLBACK-001","WILDCARD_FALLBACK","*","","","","frontend/src/App.jsx:201","Catch-all Wildcard Re-route","PUBLIC","None","LoginPage.jsx","Navigate","NO","/","NO","YES","YES","CURRENT","frontend/src/tests/liveE2EIntegration.test.js","frontend/src/App.jsx:201","PROVEN ROUTE-REACHABLE","HIGH","Wildcard 404 handler redirecting unknown paths to /"