ArtifactID,Path,Filename,Extension,TrackedState,SizeBytes,Category,Purpose,AuthoritativeSource,CurrentHistorical,ReferencedBy,References,ContainsCommands,ContainsArchitectureClaims,ContainsCredentialsSecrets,ContainsPersonalSensitiveData,Generated,Regenerable,DuplicateOf,SupersededBy,RecommendedFutureLocation,InitialClassification,Confidence,EvidencePaths,Notes
"DOC-ROOT-001",".gitignore",".gitignore","","TRACKED","58","Configuration","Git repository ignore configuration","YES","CURRENT","Git tooling","node_modules, .env","NO","NO","NO","NO","NO","YES","None","None","Root (Preserve)","AUTHORITATIVE-CURRENT","HIGH",".gitignore","Standard root configuration file"
"DOC-ROOT-002","AchieveNest-Test_Pre_Phase7_2026-08-28_0036.dump","AchieveNest-Test_Pre_Phase7_2026-08-28_0036.dump",".dump","TRACKED","579326","Database Dump","Pre-Phase 7 baseline database dump for disaster recovery snapshot","NO (Snapshot)","HISTORICAL","Phase 7 / Phase 8 audit documents","Database schema snapshot","NO","NO","NO (Test data only)","NO (Demo personas only)","YES (mysqldump)","YES","None","None","backend/writable/backups/ or archive/","DATABASE-DUMP","HIGH","AchieveNest-Test_Pre_Phase7_2026-08-28_0036.dump","Tracked root database dump; candidate for relocation in Phase 14"
"DOC-ROOT-003","AchieveNest_Phase_2_Pre_Execution_Migration_Code_Review.md","AchieveNest_Phase_2_Pre_Execution_Migration_Code_Review.md",".md","TRACKED","26736","Historical Implementation Review","Phase 2 pre-execution migration and code review documentation","NO","HISTORICAL","None","Initial migration structure","YES","YES (Early architecture)","NO","NO","NO","NO","None","None","docs/history/","IMPLEMENTATION-HISTORY","HIGH","AchieveNest_Phase_2_Pre_Execution_Migration_Code_Review.md","Root-level historical milestone review; candidate for docs/history/"
"DOC-ROOT-004","AchieveNest_Phase_4_Fresh_Disposable_Database_Build_Report.md","AchieveNest_Phase_4_Fresh_Disposable_Database_Build_Report.md",".md","TRACKED","11918","Historical Implementation Report","Phase 4 fresh build report for disposable database testing","NO","HISTORICAL","None","Database build tests","YES","YES","NO","NO","NO","NO","None","None","docs/reports/","IMPLEMENTATION-HISTORY","HIGH","AchieveNest_Phase_4_Fresh_Disposable_Database_Build_Report.md","Root-level historical milestone report; candidate for docs/reports/"
"DOC-ROOT-005","AchieveNest_Phase_5_Reset_and_Replay_Validation_Report.md","AchieveNest_Phase_5_Reset_and_Replay_Validation_Report.md",".md","TRACKED","13368","Historical Implementation Report","Phase 5 reset and replay validation test report","NO","HISTORICAL","None","Reset commands","YES","YES","NO","NO","NO","NO","None","None","docs/reports/","IMPLEMENTATION-HISTORY","HIGH","AchieveNest_Phase_5_Reset_and_Replay_Validation_Report.md","Root-level historical milestone report; candidate for docs/reports/"
"DOC-ROOT-006","AchieveNest_Phase_6_Fresh_Build_vs_Current_Test_Reconciliation_Report.md","AchieveNest_Phase_6_Fresh_Build_vs_Current_Test_Reconciliation_Report.md",".md","TRACKED","17076","Historical Implementation Report","Phase 6 fresh build vs test reconciliation report","NO","HISTORICAL","None","Schema reconciliation","YES","YES","NO","NO","NO","NO","None","None","docs/reports/","IMPLEMENTATION-HISTORY","HIGH","AchieveNest_Phase_6_Fresh_Build_vs_Current_Test_Reconciliation_Report.md","Root-level historical milestone report; candidate for docs/reports/"
"DOC-ROOT-007","AchieveNest_Phase_7_Test_Reconciliation_Report.md","AchieveNest_Phase_7_Test_Reconciliation_Report.md",".md","TRACKED","14206","Historical Implementation Report","Phase 7 auth test reconciliation report","NO","HISTORICAL","None","Auth test runs","YES","YES","NO","NO","NO","NO","None","None","docs/reports/","IMPLEMENTATION-HISTORY","HIGH","AchieveNest_Phase_7_Test_Reconciliation_Report.md","Root-level historical milestone report; candidate for docs/reports/"
"DOC-ROOT-008","AchieveNest_Phase_8_Application_Security_and_Role_Based_E2E_Validation_Report.md","AchieveNest_Phase_8_Application_Security_and_Role_Based_E2E_Validation_Report.md",".md","TRACKED","26298","Historical Implementation Report","Phase 8 RBAC security and role validation report","NO","HISTORICAL","None","RBAC permissions matrix","YES","YES","NO","NO","NO","NO","None","None","docs/reports/","IMPLEMENTATION-HISTORY","HIGH","AchieveNest_Phase_8_Application_Security_and_Role_Based_E2E_Validation_Report.md","Root-level historical milestone report; candidate for docs/reports/"
"DOC-ROOT-009","AchieveNest_Phase_8_E2E_Test_Matrix.md","AchieveNest_Phase_8_E2E_Test_Matrix.md",".md","TRACKED","25972","Historical Test Matrix","Phase 8 comprehensive test matrix specification","NO","HISTORICAL","None","Test specifications","YES","YES","NO","NO","NO","NO","None","None","docs/reports/","IMPLEMENTATION-HISTORY","HIGH","AchieveNest_Phase_8_E2E_Test_Matrix.md","Root-level historical test matrix; candidate for docs/reports/"
"DOC-ROOT-010","skills-lock.json","skills-lock.json",".json","TRACKED","549","Tooling Configuration","Agent skills synchronization and lock manifest","YES","CURRENT","Agent tooling","Installed agent skills","NO","NO","NO","NO","YES","YES","None","None","Root (Preserve)","AUTHORITATIVE-CURRENT","HIGH","skills-lock.json","Active agent skills configuration"
"DOC-ROOT-011","STARTUP_COMMANDS.md","STARTUP_COMMANDS.md",".md","UNTRACKED","3088","Operator Runbook","Authoritative operator startup guide for WAMP PHP and React Vite","YES","CURRENT","Developer / Operator","WAMP PHP 8.2, Vite dev, demo accounts","YES","YES","NO (References placeholder)","NO","NO","YES","None","None","docs/runbooks/ or Root","DOCUMENTATION-RUNBOOK","HIGH","STARTUP_COMMANDS.md","Untracked, highly accurate developer runbook"
"DOC-ROOT-012","USER_WORKFLOW_AND_IMPROVEMENTS.md","USER_WORKFLOW_AND_IMPROVEMENTS.md",".md","TRACKED","3098","Architecture & UX Notes","User workflow analysis and UX improvement recommendations","YES","CURRENT","UI / UX redesign plans","Portal workflows","NO","YES","NO","NO","NO","NO","None","None","docs/architecture/","ARCHITECTURE-REFERENCE","HIGH","USER_WORKFLOW_AND_IMPROVEMENTS.md","Active architecture and UI workflow design reference"
"DOC-AUDIT-000","docs/audit/PHASE_0_FREEZE_AND_SAFETY_BASELINE.md","PHASE_0_FREEZE_AND_SAFETY_BASELINE.md",".md","TRACKED","4200","Audit Report","Phase 0 freeze baseline report","YES","CURRENT","All subsequent audit phases","Defense tag prefinal-defense-local-v1","YES","YES","NO","NO","NO","NO","None","None","docs/audit/ (Preserve)","AUDIT-EVIDENCE","HIGH","docs/audit/PHASE_0_FREEZE_AND_SAFETY_BASELINE.md","Immutable baseline record"
"DOC-AUDIT-001","docs/audit/PHASE_1_REPOSITORY_INVENTORY.md","PHASE_1_REPOSITORY_INVENTORY.md",".md","TRACKED","5800","Audit Report","Phase 1 repository-wide file inventory report","YES","CURRENT","Phase 2-9 Audits","Tracked files census","NO","YES","NO","NO","NO","NO","None","None","docs/audit/ (Preserve)","AUDIT-EVIDENCE","HIGH","docs/audit/PHASE_1_REPOSITORY_INVENTORY.md","Initial repository inventory audit"
"DOC-AUDIT-002","docs/audit/PHASE_2_FRONTEND_ROUTE_REACHABILITY.md","PHASE_2_FRONTEND_ROUTE_REACHABILITY.md",".md","TRACKED","6200","Audit Report","Phase 2 React router reachability report","YES","CURRENT","Phase 3-4 Audits","Frontend route tree","NO","YES","NO","NO","NO","NO","None","None","docs/audit/ (Preserve)","AUDIT-EVIDENCE","HIGH","docs/audit/PHASE_2_FRONTEND_ROUTE_REACHABILITY.md","Authoritative frontend route audit"
"DOC-AUDIT-003","docs/audit/PHASE_3_FRONTEND_DEPENDENCY_AUDIT.md","PHASE_3_FRONTEND_DEPENDENCY_AUDIT.md",".md","TRACKED","7100","Audit Report","Phase 3 frontend dependency and superseded candidate review report","YES","CURRENT","Phase 4-5 Audits","Component dependency graph","NO","YES","NO","NO","NO","NO","None","None","docs/audit/ (Preserve)","AUDIT-EVIDENCE","HIGH","docs/audit/PHASE_3_FRONTEND_DEPENDENCY_AUDIT.md","Authoritative frontend dependency audit"
"DOC-AUDIT-004","docs/audit/PHASE_4_FRONTEND_BACKEND_API_CONTRACT_MAP.md","PHASE_4_FRONTEND_BACKEND_API_CONTRACT_MAP.md",".md","TRACKED","6900","Audit Report","Phase 4 frontend to backend API contract verification report","YES","CURRENT","Phase 5-6 Audits","API contract map","NO","YES","NO","NO","NO","NO","None","None","docs/audit/ (Preserve)","AUDIT-EVIDENCE","HIGH","docs/audit/PHASE_4_FRONTEND_BACKEND_API_CONTRACT_MAP.md","Authoritative API contract audit"
"DOC-AUDIT-005","docs/audit/PHASE_5_BACKEND_ROUTE_AUDIT.md","PHASE_5_BACKEND_ROUTE_AUDIT.md",".md","TRACKED","6400","Audit Report","Phase 5 CodeIgniter backend route surface audit report","YES","CURRENT","Phase 6-8 Audits","Backend route register","YES","YES","NO","NO","NO","NO","None","None","docs/audit/ (Preserve)","AUDIT-EVIDENCE","HIGH","docs/audit/PHASE_5_BACKEND_ROUTE_AUDIT.md","Authoritative backend route audit"
"DOC-AUDIT-006","docs/audit/PHASE_6_CONTROLLER_SERVICE_DATA_ACCESS_AUDIT.md","PHASE_6_CONTROLLER_SERVICE_DATA_ACCESS_AUDIT.md",".md","TRACKED","7500","Audit Report","Phase 6 controller, service, and data access layer audit report","YES","CURRENT","Phase 7-8 Audits","Responsibility map","NO","YES","NO","NO","NO","NO","None","None","docs/audit/ (Preserve)","AUDIT-EVIDENCE","HIGH","docs/audit/PHASE_6_CONTROLLER_SERVICE_DATA_ACCESS_AUDIT.md","Authoritative backend architecture audit"
"DOC-AUDIT-007","docs/audit/PHASE_7_DATABASE_MIGRATION_SEED_LINKAGE_AUDIT.md","PHASE_7_DATABASE_MIGRATION_SEED_LINKAGE_AUDIT.md",".md","TRACKED","8200","Audit Report","Phase 7 database schema, migration, and seeder linkage report","YES","CURRENT","Phase 8-9 Audits","Database artifact map & table usage","YES","YES","NO","NO","NO","NO","None","None","docs/audit/ (Preserve)","AUDIT-EVIDENCE","HIGH","docs/audit/PHASE_7_DATABASE_MIGRATION_SEED_LINKAGE_AUDIT.md","Authoritative database linkage audit"
"DOC-AUDIT-008","docs/audit/PHASE_8_SCRIPTS_COMMANDS_NON_HTTP_ENTRY_POINTS.md","PHASE_8_SCRIPTS_COMMANDS_NON_HTTP_ENTRY_POINTS.md",".md","TRACKED","7800","Audit Report","Phase 8 scripts, Spark commands, and non-HTTP entry points report","YES","CURRENT","Phase 9 Audit","Non-HTTP register","YES","YES","NO","NO","NO","NO","None","None","docs/audit/ (Preserve)","AUDIT-EVIDENCE","HIGH","docs/audit/PHASE_8_SCRIPTS_COMMANDS_NON_HTTP_ENTRY_POINTS.md","Authoritative non-HTTP entry points audit"
"DOC-GEN-001","backend/development/node_modules/","node_modules","","TRACKED","21464640","Generated Dependencies","Tracked development dependencies (1,108 tracked files, 20.47 MB)","NO","HISTORICAL","Historical development scripts","npm dependencies","NO","NO","NO","NO","YES (npm install)","YES","None","None","Untrack and ignore in Phase 14","GENERATED-ARTIFACT","HIGH","backend/development/node_modules/","1,108 tracked generated vendor files; candidate for git rm --cached in Phase 14"
"DOC-GEN-002","node_modules/.vite/deps/","deps","","TRACKED","7151230","Generated Cache","Tracked Vite pre-bundled dependency cache (15 tracked files, 6.82 MB)","NO","HISTORICAL","Vite dev server cache","Pre-bundled React/DOM/Router modules","NO","NO","NO","NO","YES (vite optimize)","YES","None","None","Untrack and ignore in Phase 14","GENERATED-ARTIFACT","HIGH","node_modules/.vite/deps/","15 tracked generated Vite cache files; candidate for git rm --cached in Phase 14"
"DOC-BAK-001","backend/writable/backups/","backups","","UNTRACKED / LOCAL","2400000","Database Backup Snapshots","Automated mysqldump disaster recovery snapshots with SHA-256 validation","NO (Snapshots)","CURRENT","spark test:phase18-dr, phase18-verify-backup.ps1","MySQL table snapshots","NO","NO","NO","NO","YES","YES","None","None","backend/writable/backups/ (Preserve local/ignored)","BACKUP-SNAPSHOT","HIGH","backend/writable/backups/","Disaster recovery automated snapshots"