"route","http_method","controller_action","controller_file","service_files","tables","access","auth_scope"
"/","GET","Home::index","backend/app/Controllers/Home.php","","","READ","Controller/filter enforced; inspect mapped action"
"/api/v1/health","GET","Api\HealthController::index","backend/app/Controllers/Api/HealthController.php","","","READ","Controller/filter enforced; inspect mapped action"
"/api/v1/auth/login","POST","Api\AuthController::login","backend/app/Controllers/Api/AuthController.php","AuthenticatedActorService;LocalAuthService;LocalTokenService;SupabaseAdminAuthService;SupabaseAuthService","account_lifecycle_events;audit_logs;local_auth_credentials;local_auth_sessions;password_reset_events;profiles","WRITE_OR_ACTION","Controller/filter enforced; inspect mapped action"
"/api/v1/auth/logout","POST","Api\AuthController::logout","backend/app/Controllers/Api/AuthController.php","AuthenticatedActorService;LocalAuthService;LocalTokenService;SupabaseAdminAuthService;SupabaseAuthService","account_lifecycle_events;audit_logs;local_auth_credentials;local_auth_sessions;password_reset_events;profiles","WRITE_OR_ACTION","Controller/filter enforced; inspect mapped action"
"/api/v1/auth/me","GET","Api\AuthController::me","backend/app/Controllers/Api/AuthController.php","AuthenticatedActorService;LocalAuthService;LocalTokenService;SupabaseAdminAuthService;SupabaseAuthService","account_lifecycle_events;audit_logs;local_auth_credentials;local_auth_sessions;password_reset_events;profiles","READ","Controller/filter enforced; inspect mapped action"
"/api/v1/auth/change-password","POST","Api\AuthController::changePassword","backend/app/Controllers/Api/AuthController.php","AuthenticatedActorService;LocalAuthService;LocalTokenService;SupabaseAdminAuthService;SupabaseAuthService","account_lifecycle_events;audit_logs;local_auth_credentials;local_auth_sessions;password_reset_events;profiles","WRITE_OR_ACTION","Controller/filter enforced; inspect mapped action"
"/api/v1/student/profile","GET","Api\StudentProfileController::show","backend/app/Controllers/Api/StudentProfileController.php","AuthenticatedActorService","profiles","READ","Controller/filter enforced; inspect mapped action"
"/api/v1/password-reset-requests","POST","Api\PasswordResetRequestController::submit","backend/app/Controllers/Api/PasswordResetRequestController.php","AuthenticatedActorService;LocalAuthService;LocalTokenService;SupabaseAdminAuthService","account_lifecycle_events;audit_logs;local_auth_credentials;local_auth_sessions;password_reset_requests;profiles","WRITE_OR_ACTION","Controller/filter enforced; inspect mapped action"
"/api/v1/password-reset-requests","GET","Api\PasswordResetRequestController::list","backend/app/Controllers/Api/PasswordResetRequestController.php","AuthenticatedActorService;LocalAuthService;LocalTokenService;SupabaseAdminAuthService","account_lifecycle_events;audit_logs;local_auth_credentials;local_auth_sessions;password_reset_requests;profiles","READ","Controller/filter enforced; inspect mapped action"
"/api/v1/password-reset-requests/(:segment)/reset","POST","Api\PasswordResetRequestController::reset/$1","backend/app/Controllers/Api/PasswordResetRequestController.php","AuthenticatedActorService;LocalAuthService;LocalTokenService;SupabaseAdminAuthService","account_lifecycle_events;audit_logs;local_auth_credentials;local_auth_sessions;password_reset_requests;profiles","WRITE_OR_ACTION","Controller/filter enforced; inspect mapped action"
"/api/v1/password-reset-requests/(:segment)/reject","POST","Api\PasswordResetRequestController::reject/$1","backend/app/Controllers/Api/PasswordResetRequestController.php","AuthenticatedActorService;LocalAuthService;LocalTokenService;SupabaseAdminAuthService","account_lifecycle_events;audit_logs;local_auth_credentials;local_auth_sessions;password_reset_requests;profiles","WRITE_OR_ACTION","Controller/filter enforced; inspect mapped action"
"/api/v1/personnel/roles","GET","Api\PersonnelRoleController::index","backend/app/Controllers/Api/PersonnelRoleController.php","AuthorizationService","dean_assignments;organization_moderator_assignments;organizations;program_coordinator_assignments","READ","Controller/filter enforced; inspect mapped action"
"/api/v1/personnel/(:segment)/roles","POST","Api\PersonnelRoleController::assign/$1","backend/app/Controllers/Api/PersonnelRoleController.php","AuthorizationService","dean_assignments;organization_moderator_assignments;organizations;program_coordinator_assignments","WRITE_OR_ACTION","Controller/filter enforced; inspect mapped action"
"/api/v1/personnel/(:segment)/roles/(:segment)","DELETE","Api\PersonnelRoleController::revoke/$1/$2","backend/app/Controllers/Api/PersonnelRoleController.php","AuthorizationService","dean_assignments;organization_moderator_assignments;organizations;program_coordinator_assignments","WRITE_OR_ACTION","Controller/filter enforced; inspect mapped action"
"/api/v1/osad/students","GET","Api\TargetProvisioningController::listStudents","backend/app/Controllers/Api/TargetProvisioningController.php","AuthenticatedActorService;FacultyStatusService;PersonnelClassificationService;SupabaseAdminAuthService","academic_programs;account_lifecycle_events;administrative_unit_id;administrative_units;audit_logs;college_id;colleges;current_rank_title;faculty_engagement;local_auth_credentials;organizational_side;personnel_administrative_unit_affiliations;personnel_college_affiliations;personnel_group;personnel_profiles;personnel_program_affiliations;position_title;profile_roles;profiles;qualification_summary;roles;student_profiles;student_program_enrollments","READ","Controller/filter enforced; inspect mapped action"
"/api/v1/osad/audit","GET","Api\TargetProvisioningController::audit","backend/app/Controllers/Api/TargetProvisioningController.php","AuthenticatedActorService;FacultyStatusService;PersonnelClassificationService;SupabaseAdminAuthService","academic_programs;account_lifecycle_events;administrative_unit_id;administrative_units;audit_logs;college_id;colleges;current_rank_title;faculty_engagement;local_auth_credentials;organizational_side;personnel_administrative_unit_affiliations;personnel_college_affiliations;personnel_group;personnel_profiles;personnel_program_affiliations;position_title;profile_roles;profiles;qualification_summary;roles;student_profiles;student_program_enrollments","READ","Controller/filter enforced; inspect mapped action"
"/api/v1/provisioning/manual-student","POST","Api\TargetProvisioningController::manualStudent","backend/app/Controllers/Api/TargetProvisioningController.php","AuthenticatedActorService;FacultyStatusService;PersonnelClassificationService;SupabaseAdminAuthService","academic_programs;account_lifecycle_events;administrative_unit_id;administrative_units;audit_logs;college_id;colleges;current_rank_title;faculty_engagement;local_auth_credentials;organizational_side;personnel_administrative_unit_affiliations;personnel_college_affiliations;personnel_group;personnel_profiles;personnel_program_affiliations;position_title;profile_roles;profiles;qualification_summary;roles;student_profiles;student_program_enrollments","WRITE_OR_ACTION","Controller/filter enforced; inspect mapped action"
"/api/v1/provisioning/manual-personnel","POST","Api\TargetProvisioningController::manualPersonnel","backend/app/Controllers/Api/TargetProvisioningController.php","AuthenticatedActorService;FacultyStatusService;PersonnelClassificationService;SupabaseAdminAuthService","academic_programs;account_lifecycle_events;administrative_unit_id;administrative_units;audit_logs;college_id;colleges;current_rank_title;faculty_engagement;local_auth_credentials;organizational_side;personnel_administrative_unit_affiliations;personnel_college_affiliations;personnel_group;personnel_profiles;personnel_program_affiliations;position_title;profile_roles;profiles;qualification_summary;roles;student_profiles;student_program_enrollments","WRITE_OR_ACTION","Controller/filter enforced; inspect mapped action"
"/api/v1/provisioning/availability","POST","Api\TargetProvisioningController::availability","backend/app/Controllers/Api/TargetProvisioningController.php","AuthenticatedActorService;FacultyStatusService;PersonnelClassificationService;SupabaseAdminAuthService","academic_programs;account_lifecycle_events;administrative_unit_id;administrative_units;audit_logs;college_id;colleges;current_rank_title;faculty_engagement;local_auth_credentials;organizational_side;personnel_administrative_unit_affiliations;personnel_college_affiliations;personnel_group;personnel_profiles;personnel_program_affiliations;position_title;profile_roles;profiles;qualification_summary;roles;student_profiles;student_program_enrollments","WRITE_OR_ACTION","Controller/filter enforced; inspect mapped action"
"/api/v1/provisioning/preview-roster","POST","Api\ProvisioningController::previewRoster","backend/app/Controllers/Api/ProvisioningController.php","AuthenticatedActorService;SupabaseAdminAuthService","account_lifecycle_events;degree_programs;profile_roles;profiles;roles","WRITE_OR_ACTION","Controller/filter enforced; inspect mapped action"
"/api/v1/provisioning/commit-roster","POST","Api\ProvisioningController::commitRoster","backend/app/Controllers/Api/ProvisioningController.php","AuthenticatedActorService;SupabaseAdminAuthService","account_lifecycle_events;degree_programs;profile_roles;profiles;roles","WRITE_OR_ACTION","Controller/filter enforced; inspect mapped action"
"/api/v1/accounts/(:segment)/suspend","POST","Api\AccountLifecycleController::suspend/$1","backend/app/Controllers/Api/AccountLifecycleController.php","AuthorizationService;LocalAuthService","account_lifecycle_events;audit_logs;local_auth_credentials;profiles","WRITE_OR_ACTION","Controller/filter enforced; inspect mapped action"
"/api/v1/accounts/(:segment)/archive","POST","Api\AccountLifecycleController::archive/$1","backend/app/Controllers/Api/AccountLifecycleController.php","AuthorizationService;LocalAuthService","account_lifecycle_events;audit_logs;local_auth_credentials;profiles","WRITE_OR_ACTION","Controller/filter enforced; inspect mapped action"
"/api/v1/accounts/(:segment)/restore","POST","Api\AccountLifecycleController::restore/$1","backend/app/Controllers/Api/AccountLifecycleController.php","AuthorizationService;LocalAuthService","account_lifecycle_events;audit_logs;local_auth_credentials;profiles","WRITE_OR_ACTION","Controller/filter enforced; inspect mapped action"
"/api/v1/accounts/(:segment)/reset-temporary-password","POST","Api\AccountLifecycleController::resetTemporaryPassword/$1","backend/app/Controllers/Api/AccountLifecycleController.php","AuthorizationService;LocalAuthService","account_lifecycle_events;audit_logs;local_auth_credentials;profiles","WRITE_OR_ACTION","Controller/filter enforced; inspect mapped action"
"/api/v1/accounts/(:segment)/audit-delivery-action","POST","Api\AccountLifecycleController::auditDeliveryAction/$1","backend/app/Controllers/Api/AccountLifecycleController.php","AuthorizationService;LocalAuthService","account_lifecycle_events;audit_logs;local_auth_credentials;profiles","WRITE_OR_ACTION","Controller/filter enforced; inspect mapped action"
"/api/v1/accounts/(:segment)/lifecycle","GET","Api\AccountLifecycleController::events/$1","backend/app/Controllers/Api/AccountLifecycleController.php","AuthorizationService;LocalAuthService","account_lifecycle_events;audit_logs;local_auth_credentials;profiles","READ","Controller/filter enforced; inspect mapped action"
"/api/v1/achievements","GET","Api\AchievementController::index","backend/app/Controllers/Api/AchievementController.php","AuthorizationService","portfolio_categories;profiles;student_portfolio_records;student_portfolio_verification_events","READ","Controller/filter enforced; inspect mapped action"
"/api/v1/achievements","POST","Api\AchievementController::create","backend/app/Controllers/Api/AchievementController.php","AuthorizationService","portfolio_categories;profiles;student_portfolio_records;student_portfolio_verification_events","WRITE_OR_ACTION","Controller/filter enforced; inspect mapped action"
"/api/v1/personnel/accomplishments","GET","Api\PersonnelAccomplishmentController::index","backend/app/Controllers/Api/PersonnelAccomplishmentController.php","AuthorizationService;LocalEvidenceStorageService;PersonnelEvidenceUploadService","personnel_accomplishment_evidence;personnel_accomplishments","READ","Controller/filter enforced; inspect mapped action"
"/api/v1/personnel/accomplishments","POST","Api\PersonnelAccomplishmentController::create","backend/app/Controllers/Api/PersonnelAccomplishmentController.php","AuthorizationService;LocalEvidenceStorageService;PersonnelEvidenceUploadService","personnel_accomplishment_evidence;personnel_accomplishments","WRITE_OR_ACTION","Controller/filter enforced; inspect mapped action"
"/api/v1/personnel/accomplishments/(:segment)","PUT","Api\PersonnelAccomplishmentController::update/$1","backend/app/Controllers/Api/PersonnelAccomplishmentController.php","AuthorizationService;LocalEvidenceStorageService;PersonnelEvidenceUploadService","personnel_accomplishment_evidence;personnel_accomplishments","WRITE_OR_ACTION","Controller/filter enforced; inspect mapped action"
"/api/v1/personnel/accomplishments/(:segment)","DELETE","Api\PersonnelAccomplishmentController::delete/$1","backend/app/Controllers/Api/PersonnelAccomplishmentController.php","AuthorizationService;LocalEvidenceStorageService;PersonnelEvidenceUploadService","personnel_accomplishment_evidence;personnel_accomplishments","WRITE_OR_ACTION","Controller/filter enforced; inspect mapped action"
"/api/v1/personnel/accomplishments/(:segment)/evidence","POST","Api\PersonnelAccomplishmentController::addEvidence/$1","backend/app/Controllers/Api/PersonnelAccomplishmentController.php","AuthorizationService;LocalEvidenceStorageService;PersonnelEvidenceUploadService","personnel_accomplishment_evidence;personnel_accomplishments","WRITE_OR_ACTION","Controller/filter enforced; inspect mapped action"
"/api/v1/personnel/portfolio/submit","POST","Api\PersonnelPortfolioSubmissionController::submit","backend/app/Controllers/Api/PersonnelPortfolioSubmissionController.php","AuthorizationService;PersonnelEvidenceVersioningService","evaluation_root_id;evidence_id;personnel_accomplishment_evidence;personnel_accomplishments;personnel_evaluation_deficiency_requests;personnel_evaluation_events;personnel_evaluation_items;personnel_evaluation_reports;personnel_evaluation_roots;personnel_evaluations;profiles","WRITE_OR_ACTION","Controller/filter enforced; inspect mapped action"
"/api/v1/personnel/portfolio/submissions/resubmit","POST","Api\PersonnelPortfolioSubmissionController::resubmit","backend/app/Controllers/Api/PersonnelPortfolioSubmissionController.php","AuthorizationService;PersonnelEvidenceVersioningService","evaluation_root_id;evidence_id;personnel_accomplishment_evidence;personnel_accomplishments;personnel_evaluation_deficiency_requests;personnel_evaluation_events;personnel_evaluation_items;personnel_evaluation_reports;personnel_evaluation_roots;personnel_evaluations;profiles","WRITE_OR_ACTION","Controller/filter enforced; inspect mapped action"
"/api/v1/personnel/portfolio/resubmit","POST","Api\PersonnelPortfolioSubmissionController::resubmit","backend/app/Controllers/Api/PersonnelPortfolioSubmissionController.php","AuthorizationService;PersonnelEvidenceVersioningService","evaluation_root_id;evidence_id;personnel_accomplishment_evidence;personnel_accomplishments;personnel_evaluation_deficiency_requests;personnel_evaluation_events;personnel_evaluation_items;personnel_evaluation_reports;personnel_evaluation_roots;personnel_evaluations;profiles","WRITE_OR_ACTION","Controller/filter enforced; inspect mapped action"
"/api/v1/personnel/portfolio/submissions/history","GET","Api\PersonnelPortfolioSubmissionController::getHistory","backend/app/Controllers/Api/PersonnelPortfolioSubmissionController.php","AuthorizationService;PersonnelEvidenceVersioningService","evaluation_root_id;evidence_id;personnel_accomplishment_evidence;personnel_accomplishments;personnel_evaluation_deficiency_requests;personnel_evaluation_events;personnel_evaluation_items;personnel_evaluation_reports;personnel_evaluation_roots;personnel_evaluations;profiles","READ","Controller/filter enforced; inspect mapped action"
"/api/v1/personnel/portfolio/history","GET","Api\PersonnelPortfolioSubmissionController::getHistory","backend/app/Controllers/Api/PersonnelPortfolioSubmissionController.php","AuthorizationService;PersonnelEvidenceVersioningService","evaluation_root_id;evidence_id;personnel_accomplishment_evidence;personnel_accomplishments;personnel_evaluation_deficiency_requests;personnel_evaluation_events;personnel_evaluation_items;personnel_evaluation_reports;personnel_evaluation_roots;personnel_evaluations;profiles","READ","Controller/filter enforced; inspect mapped action"
"/api/v1/personnel/portfolio/submission/latest","GET","Api\PersonnelPortfolioSubmissionController::getLatest","backend/app/Controllers/Api/PersonnelPortfolioSubmissionController.php","AuthorizationService;PersonnelEvidenceVersioningService","evaluation_root_id;evidence_id;personnel_accomplishment_evidence;personnel_accomplishments;personnel_evaluation_deficiency_requests;personnel_evaluation_events;personnel_evaluation_items;personnel_evaluation_reports;personnel_evaluation_roots;personnel_evaluations;profiles","READ","Controller/filter enforced; inspect mapped action"
"/api/v1/personnel/portfolio/submissions/(:segment)/return-for-revision","POST","Api\PersonnelPortfolioSubmissionController::returnForRevision/$1","backend/app/Controllers/Api/PersonnelPortfolioSubmissionController.php","AuthorizationService;PersonnelEvidenceVersioningService","evaluation_root_id;evidence_id;personnel_accomplishment_evidence;personnel_accomplishments;personnel_evaluation_deficiency_requests;personnel_evaluation_events;personnel_evaluation_items;personnel_evaluation_reports;personnel_evaluation_roots;personnel_evaluations;profiles","WRITE_OR_ACTION","Controller/filter enforced; inspect mapped action"
"/api/v1/personnel/portfolio/purge","POST","Api\PersonnelPortfolioSubmissionController::purge","backend/app/Controllers/Api/PersonnelPortfolioSubmissionController.php","AuthorizationService;PersonnelEvidenceVersioningService","evaluation_root_id;evidence_id;personnel_accomplishment_evidence;personnel_accomplishments;personnel_evaluation_deficiency_requests;personnel_evaluation_events;personnel_evaluation_items;personnel_evaluation_reports;personnel_evaluation_roots;personnel_evaluations;profiles","WRITE_OR_ACTION","Controller/filter enforced; inspect mapped action"
"/api/v1/personnel/portfolio/purge","DELETE","Api\PersonnelPortfolioSubmissionController::purge","backend/app/Controllers/Api/PersonnelPortfolioSubmissionController.php","AuthorizationService;PersonnelEvidenceVersioningService","evaluation_root_id;evidence_id;personnel_accomplishment_evidence;personnel_accomplishments;personnel_evaluation_deficiency_requests;personnel_evaluation_events;personnel_evaluation_items;personnel_evaluation_reports;personnel_evaluation_roots;personnel_evaluations;profiles","WRITE_OR_ACTION","Controller/filter enforced; inspect mapped action"
"/api/v1/personnel/portfolio/submissions/(:segment)","PUT","Api\PersonnelPortfolioSubmissionController::updateSubmission/$1","backend/app/Controllers/Api/PersonnelPortfolioSubmissionController.php","AuthorizationService;PersonnelEvidenceVersioningService","evaluation_root_id;evidence_id;personnel_accomplishment_evidence;personnel_accomplishments;personnel_evaluation_deficiency_requests;personnel_evaluation_events;personnel_evaluation_items;personnel_evaluation_reports;personnel_evaluation_roots;personnel_evaluations;profiles","WRITE_OR_ACTION","Controller/filter enforced; inspect mapped action"
"/api/v1/personnel/portfolio/submissions/(:segment)","DELETE","Api\PersonnelPortfolioSubmissionController::deleteSubmission/$1","backend/app/Controllers/Api/PersonnelPortfolioSubmissionController.php","AuthorizationService;PersonnelEvidenceVersioningService","evaluation_root_id;evidence_id;personnel_accomplishment_evidence;personnel_accomplishments;personnel_evaluation_deficiency_requests;personnel_evaluation_events;personnel_evaluation_items;personnel_evaluation_reports;personnel_evaluation_roots;personnel_evaluations;profiles","WRITE_OR_ACTION","Controller/filter enforced; inspect mapped action"
"/api/v1/personnel/portfolio/submissions/(:segment)/items/(:segment)","PUT","Api\PersonnelPortfolioSubmissionController::updateItem/$1/$2","backend/app/Controllers/Api/PersonnelPortfolioSubmissionController.php","AuthorizationService;PersonnelEvidenceVersioningService","evaluation_root_id;evidence_id;personnel_accomplishment_evidence;personnel_accomplishments;personnel_evaluation_deficiency_requests;personnel_evaluation_events;personnel_evaluation_items;personnel_evaluation_reports;personnel_evaluation_roots;personnel_evaluations;profiles","WRITE_OR_ACTION","Controller/filter enforced; inspect mapped action"
"/api/v1/personnel/portfolio/submissions/(:segment)/items/(:segment)","DELETE","Api\PersonnelPortfolioSubmissionController::deleteItem/$1/$2","backend/app/Controllers/Api/PersonnelPortfolioSubmissionController.php","AuthorizationService;PersonnelEvidenceVersioningService","evaluation_root_id;evidence_id;personnel_accomplishment_evidence;personnel_accomplishments;personnel_evaluation_deficiency_requests;personnel_evaluation_events;personnel_evaluation_items;personnel_evaluation_reports;personnel_evaluation_roots;personnel_evaluations;profiles","WRITE_OR_ACTION","Controller/filter enforced; inspect mapped action"
"/api/v1/verification/queue","GET","Api\VerificationQueueController::queue","backend/app/Controllers/Api/VerificationQueueController.php","AuthorizationService","portfolio_categories;profiles;student_portfolio_records;student_portfolio_verification_events","READ","Controller/filter enforced; inspect mapped action"
"/api/v1/verification/(:segment)/decide","POST","Api\VerificationQueueController::decide/$1","backend/app/Controllers/Api/VerificationQueueController.php","AuthorizationService","portfolio_categories;profiles;student_portfolio_records;student_portfolio_verification_events","WRITE_OR_ACTION","Controller/filter enforced; inspect mapped action"
"/api/v1/events","GET","Api\EventController::index","backend/app/Controllers/Api/EventController.php","AuthorizationService","events;portfolio_categories;student_portfolio_records","READ","Controller/filter enforced; inspect mapped action"
"/api/v1/events","POST","Api\EventController::create","backend/app/Controllers/Api/EventController.php","AuthorizationService","events;portfolio_categories;student_portfolio_records","WRITE_OR_ACTION","Controller/filter enforced; inspect mapped action"
"/api/v1/events/(:segment)/participants","POST","Api\EventController::addParticipants/$1","backend/app/Controllers/Api/EventController.php","AuthorizationService","events;portfolio_categories;student_portfolio_records","WRITE_OR_ACTION","Controller/filter enforced; inspect mapped action"
"/api/v1/hr/personnel","GET","Api\TargetHRPersonnelController::directory","backend/app/Controllers/Api/TargetHRPersonnelController.php","AuthorizationService;FacultyStatusService;PersonnelClassificationService","account_lifecycle_events;administrative_units;colleges;current_rank_title;dean_assignments;faculty_engagement;local_auth_credentials;organizational_side;personnel_administrative_unit_affiliations;personnel_college_affiliations;personnel_group;personnel_profiles;position_title;profiles;qualification_summary","READ","Controller/filter enforced; inspect mapped action"
"/api/v1/hr/personnel/(:segment)/classification","PUT","Api\TargetHRPersonnelController::updateClassification/$1","backend/app/Controllers/Api/TargetHRPersonnelController.php","AuthorizationService;FacultyStatusService;PersonnelClassificationService","account_lifecycle_events;administrative_units;colleges;current_rank_title;dean_assignments;faculty_engagement;local_auth_credentials;organizational_side;personnel_administrative_unit_affiliations;personnel_college_affiliations;personnel_group;personnel_profiles;position_title;profiles;qualification_summary","WRITE_OR_ACTION","Controller/filter enforced; inspect mapped action"
"/api/v1/hr/personnel/(:segment)/master-data","GET","Api\TargetHRPersonnelController::getMasterData/$1","backend/app/Controllers/Api/TargetHRPersonnelController.php","AuthorizationService;FacultyStatusService;PersonnelClassificationService","account_lifecycle_events;administrative_units;colleges;current_rank_title;dean_assignments;faculty_engagement;local_auth_credentials;organizational_side;personnel_administrative_unit_affiliations;personnel_college_affiliations;personnel_group;personnel_profiles;position_title;profiles;qualification_summary","READ","Controller/filter enforced; inspect mapped action"
"/api/v1/hr/personnel/(:segment)/master-data","PUT","Api\TargetHRPersonnelController::updateMasterData/$1","backend/app/Controllers/Api/TargetHRPersonnelController.php","AuthorizationService;FacultyStatusService;PersonnelClassificationService","account_lifecycle_events;administrative_units;colleges;current_rank_title;dean_assignments;faculty_engagement;local_auth_credentials;organizational_side;personnel_administrative_unit_affiliations;personnel_college_affiliations;personnel_group;personnel_profiles;position_title;profiles;qualification_summary","WRITE_OR_ACTION","Controller/filter enforced; inspect mapped action"
"/api/v1/hr/personnel/(:segment)/status","PUT","Api\TargetHRPersonnelController::updateMasterData/$1","backend/app/Controllers/Api/TargetHRPersonnelController.php","AuthorizationService;FacultyStatusService;PersonnelClassificationService","account_lifecycle_events;administrative_units;colleges;current_rank_title;dean_assignments;faculty_engagement;local_auth_credentials;organizational_side;personnel_administrative_unit_affiliations;personnel_college_affiliations;personnel_group;personnel_profiles;position_title;profiles;qualification_summary","WRITE_OR_ACTION","Controller/filter enforced; inspect mapped action"
"/api/v1/dean/annual-reviews","GET","Api\DeanAnnualReviewController::index","backend/app/Controllers/Api/DeanAnnualReviewController.php","AuthorizationService;DeanAnnualReviewService","account_lifecycle_events;personnel_annual_reviews","READ","Controller/filter enforced; inspect mapped action"
"/api/v1/dean/annual-reviews","POST","Api\DeanAnnualReviewController::create","backend/app/Controllers/Api/DeanAnnualReviewController.php","AuthorizationService;DeanAnnualReviewService","account_lifecycle_events;personnel_annual_reviews","WRITE_OR_ACTION","Controller/filter enforced; inspect mapped action"
"/api/v1/dean/annual-reviews/(:segment)","GET","Api\DeanAnnualReviewController::show/$1","backend/app/Controllers/Api/DeanAnnualReviewController.php","AuthorizationService;DeanAnnualReviewService","account_lifecycle_events;personnel_annual_reviews","READ","Controller/filter enforced; inspect mapped action"
"/api/v1/dean/annual-reviews/(:segment)/supersede","POST","Api\DeanAnnualReviewController::supersede/$1","backend/app/Controllers/Api/DeanAnnualReviewController.php","AuthorizationService;DeanAnnualReviewService","account_lifecycle_events;personnel_annual_reviews","WRITE_OR_ACTION","Controller/filter enforced; inspect mapped action"
"/api/v1/personnel/eligibility/current","GET","Api\PersonnelEligibilityController::current","backend/app/Controllers/Api/PersonnelEligibilityController.php","AuthorizationService;PersonnelEligibilityService","","READ","Controller/filter enforced; inspect mapped action"
"/api/v1/hr/personnel/(:segment)/eligibility","GET","Api\PersonnelEligibilityController::show/$1","backend/app/Controllers/Api/PersonnelEligibilityController.php","AuthorizationService;PersonnelEligibilityService","","READ","Controller/filter enforced; inspect mapped action"
"/api/v1/personnel/evaluation-scale","GET","Api\EvaluationScaleController::getAssignedScale","backend/app/Controllers/Api/EvaluationScaleController.php","AuthenticatedActorService;EvaluationScaleAssignmentService;PortfolioConfigurationService;PortfolioCriterionValidationService;RubricAdministrationService","evaluation_scale_areas;evaluation_scale_categories;evaluation_scale_change_events;evaluation_scale_subcategories;evaluation_scale_versions;evaluation_scales;personnel_profiles;profiles","READ","Controller/filter enforced; inspect mapped action"
"/api/v1/personnel/(:segment)/evaluation-scale","GET","Api\EvaluationScaleController::getPersonnelAssignedScale/$1","backend/app/Controllers/Api/EvaluationScaleController.php","AuthenticatedActorService;EvaluationScaleAssignmentService;PortfolioConfigurationService;PortfolioCriterionValidationService;RubricAdministrationService","evaluation_scale_areas;evaluation_scale_categories;evaluation_scale_change_events;evaluation_scale_subcategories;evaluation_scale_versions;evaluation_scales;personnel_profiles;profiles","READ","Controller/filter enforced; inspect mapped action"
"/api/v1/evaluation-instruments/assigned","GET","Api\EvaluationScaleController::getAssignedScale","backend/app/Controllers/Api/EvaluationScaleController.php","AuthenticatedActorService;EvaluationScaleAssignmentService;PortfolioConfigurationService;PortfolioCriterionValidationService;RubricAdministrationService","evaluation_scale_areas;evaluation_scale_categories;evaluation_scale_change_events;evaluation_scale_subcategories;evaluation_scale_versions;evaluation_scales;personnel_profiles;profiles","READ","Controller/filter enforced; inspect mapped action"
"/api/v1/personnel/portfolio/configuration","GET","Api\EvaluationScaleController::getPersonnelConfiguration","backend/app/Controllers/Api/EvaluationScaleController.php","AuthenticatedActorService;EvaluationScaleAssignmentService;PortfolioConfigurationService;PortfolioCriterionValidationService;RubricAdministrationService","evaluation_scale_areas;evaluation_scale_categories;evaluation_scale_change_events;evaluation_scale_subcategories;evaluation_scale_versions;evaluation_scales;personnel_profiles;profiles","READ","Controller/filter enforced; inspect mapped action"
"/api/v1/personnel/portfolio/configuration/areas/(:segment)","GET","Api\EvaluationScaleController::getAreaConfiguration/$1","backend/app/Controllers/Api/EvaluationScaleController.php","AuthenticatedActorService;EvaluationScaleAssignmentService;PortfolioConfigurationService;PortfolioCriterionValidationService;RubricAdministrationService","evaluation_scale_areas;evaluation_scale_categories;evaluation_scale_change_events;evaluation_scale_subcategories;evaluation_scale_versions;evaluation_scales;personnel_profiles;profiles","READ","Controller/filter enforced; inspect mapped action"
"/api/v1/personnel/portfolio/validate-entry","POST","Api\EvaluationScaleController::validateEntry","backend/app/Controllers/Api/EvaluationScaleController.php","AuthenticatedActorService;EvaluationScaleAssignmentService;PortfolioConfigurationService;PortfolioCriterionValidationService;RubricAdministrationService","evaluation_scale_areas;evaluation_scale_categories;evaluation_scale_change_events;evaluation_scale_subcategories;evaluation_scale_versions;evaluation_scales;personnel_profiles;profiles","WRITE_OR_ACTION","Controller/filter enforced; inspect mapped action"
"/api/v1/admin/evaluation-scales","GET","Api\EvaluationScaleController::listScales","backend/app/Controllers/Api/EvaluationScaleController.php","AuthenticatedActorService;EvaluationScaleAssignmentService;PortfolioConfigurationService;PortfolioCriterionValidationService;RubricAdministrationService","evaluation_scale_areas;evaluation_scale_categories;evaluation_scale_change_events;evaluation_scale_subcategories;evaluation_scale_versions;evaluation_scales;personnel_profiles;profiles","READ","Controller/filter enforced; inspect mapped action"
"/api/v1/admin/evaluation-scales/(:segment)/approve","POST","Api\EvaluationScaleController::approveVersion/$1","backend/app/Controllers/Api/EvaluationScaleController.php","AuthenticatedActorService;EvaluationScaleAssignmentService;PortfolioConfigurationService;PortfolioCriterionValidationService;RubricAdministrationService","evaluation_scale_areas;evaluation_scale_categories;evaluation_scale_change_events;evaluation_scale_subcategories;evaluation_scale_versions;evaluation_scales;personnel_profiles;profiles","WRITE_OR_ACTION","Controller/filter enforced; inspect mapped action"
"/api/v1/admin/evaluation-scales/(:segment)/retire","POST","Api\EvaluationScaleController::retireVersion/$1","backend/app/Controllers/Api/EvaluationScaleController.php","AuthenticatedActorService;EvaluationScaleAssignmentService;PortfolioConfigurationService;PortfolioCriterionValidationService;RubricAdministrationService","evaluation_scale_areas;evaluation_scale_categories;evaluation_scale_change_events;evaluation_scale_subcategories;evaluation_scale_versions;evaluation_scales;personnel_profiles;profiles","WRITE_OR_ACTION","Controller/filter enforced; inspect mapped action"
"/api/v1/hr/personnel/(:segment)/dean-role","POST","Api\TargetHRPersonnelController::assignDean/$1","backend/app/Controllers/Api/TargetHRPersonnelController.php","AuthorizationService;FacultyStatusService;PersonnelClassificationService","account_lifecycle_events;administrative_units;colleges;current_rank_title;dean_assignments;faculty_engagement;local_auth_credentials;organizational_side;personnel_administrative_unit_affiliations;personnel_college_affiliations;personnel_group;personnel_profiles;position_title;profiles;qualification_summary","WRITE_OR_ACTION","Controller/filter enforced; inspect mapped action"
"/api/v1/hr/personnel/(:segment)/dean-role/(:segment)","DELETE","Api\TargetHRPersonnelController::revokeDean/$1/$2","backend/app/Controllers/Api/TargetHRPersonnelController.php","AuthorizationService;FacultyStatusService;PersonnelClassificationService","account_lifecycle_events;administrative_units;colleges;current_rank_title;dean_assignments;faculty_engagement;local_auth_credentials;organizational_side;personnel_administrative_unit_affiliations;personnel_college_affiliations;personnel_group;personnel_profiles;position_title;profiles;qualification_summary","WRITE_OR_ACTION","Controller/filter enforced; inspect mapped action"
"/api/v1/hr/personnel/(:segment)/qualification-reviews","POST","Api\HRPersonnelController::recordQualification/$1","backend/app/Controllers/Api/HRPersonnelController.php","AuthorizationService","colleges;password_reset_requests;personnel_college_affiliations;personnel_profiles;personnel_qualification_reviews;profiles","WRITE_OR_ACTION","Controller/filter enforced; inspect mapped action"
"/api/v1/hr/personnel/(:segment)/qualification-reviews","GET","Api\HRPersonnelController::listQualificationReviews/$1","backend/app/Controllers/Api/HRPersonnelController.php","AuthorizationService","colleges;password_reset_requests;personnel_college_affiliations;personnel_profiles;personnel_qualification_reviews;profiles","READ","Controller/filter enforced; inspect mapped action"
"/api/v1/hr/dashboard","GET","Api\HRPersonnelController::dashboard","backend/app/Controllers/Api/HRPersonnelController.php","AuthorizationService","colleges;password_reset_requests;personnel_college_affiliations;personnel_profiles;personnel_qualification_reviews;profiles","READ","Controller/filter enforced; inspect mapped action"
"/api/v1/hr/audit","GET","Api\HRPersonnelController::audit","backend/app/Controllers/Api/HRPersonnelController.php","AuthorizationService","colleges;password_reset_requests;personnel_college_affiliations;personnel_profiles;personnel_qualification_reviews;profiles","READ","Controller/filter enforced; inspect mapped action"
"/api/v1/hr/evaluations","GET","Api\HREvaluationController::list","backend/app/Controllers/Api/HREvaluationController.php","AuthenticatedActorService;HREvaluationService;ReviewerResolverService","colleges;dean_assignments;departments;personnel_evaluation_deficiency_requests;personnel_evaluation_events;personnel_evaluation_items;personnel_evaluation_reports;personnel_evaluations;personnel_qualification_reviews;profiles;program_coordinator_assignments","READ","Controller/filter enforced; inspect mapped action"
"/api/v1/hr/evaluations/(:segment)","GET","Api\HREvaluationController::get/$1","backend/app/Controllers/Api/HREvaluationController.php","AuthenticatedActorService;HREvaluationService;ReviewerResolverService","colleges;dean_assignments;departments;personnel_evaluation_deficiency_requests;personnel_evaluation_events;personnel_evaluation_items;personnel_evaluation_reports;personnel_evaluations;personnel_qualification_reviews;profiles;program_coordinator_assignments","READ","Controller/filter enforced; inspect mapped action"
"/api/v1/hr/evaluations/(:segment)/start","POST","Api\HREvaluationController::start/$1","backend/app/Controllers/Api/HREvaluationController.php","AuthenticatedActorService;HREvaluationService;ReviewerResolverService","colleges;dean_assignments;departments;personnel_evaluation_deficiency_requests;personnel_evaluation_events;personnel_evaluation_items;personnel_evaluation_reports;personnel_evaluations;personnel_qualification_reviews;profiles;program_coordinator_assignments","WRITE_OR_ACTION","Controller/filter enforced; inspect mapped action"
"/api/v1/hr/evaluations/(:segment)/return","POST","Api\HREvaluationController::returnEvaluation/$1","backend/app/Controllers/Api/HREvaluationController.php","AuthenticatedActorService;HREvaluationService;ReviewerResolverService","colleges;dean_assignments;departments;personnel_evaluation_deficiency_requests;personnel_evaluation_events;personnel_evaluation_items;personnel_evaluation_reports;personnel_evaluations;personnel_qualification_reviews;profiles;program_coordinator_assignments","WRITE_OR_ACTION","Controller/filter enforced; inspect mapped action"
"/api/v1/hr/evaluations/(:segment)/ready","POST","Api\HREvaluationController::markReady/$1","backend/app/Controllers/Api/HREvaluationController.php","AuthenticatedActorService;HREvaluationService;ReviewerResolverService","colleges;dean_assignments;departments;personnel_evaluation_deficiency_requests;personnel_evaluation_events;personnel_evaluation_items;personnel_evaluation_reports;personnel_evaluations;personnel_qualification_reviews;profiles;program_coordinator_assignments","WRITE_OR_ACTION","Controller/filter enforced; inspect mapped action"
"/api/v1/hr/evaluations/(:segment)/finalize","POST","Api\HREvaluationController::finalizeEvaluation/$1","backend/app/Controllers/Api/HREvaluationController.php","AuthenticatedActorService;HREvaluationService;ReviewerResolverService","colleges;dean_assignments;departments;personnel_evaluation_deficiency_requests;personnel_evaluation_events;personnel_evaluation_items;personnel_evaluation_reports;personnel_evaluations;personnel_qualification_reviews;profiles;program_coordinator_assignments","WRITE_OR_ACTION","Controller/filter enforced; inspect mapped action"
"/api/v1/hr/evaluations/(:segment)/items/(:segment)/verify","PATCH","Api\HREvaluationController::verifyItem/$1/$2","backend/app/Controllers/Api/HREvaluationController.php","AuthenticatedActorService;HREvaluationService;ReviewerResolverService","colleges;dean_assignments;departments;personnel_evaluation_deficiency_requests;personnel_evaluation_events;personnel_evaluation_items;personnel_evaluation_reports;personnel_evaluations;personnel_qualification_reviews;profiles;program_coordinator_assignments","WRITE_OR_ACTION","Controller/filter enforced; inspect mapped action"
"/api/v1/hr/evaluations/(:segment)/items/(:segment)/rate","PATCH","Api\HREvaluationController::rateItem/$1/$2","backend/app/Controllers/Api/HREvaluationController.php","AuthenticatedActorService;HREvaluationService;ReviewerResolverService","colleges;dean_assignments;departments;personnel_evaluation_deficiency_requests;personnel_evaluation_events;personnel_evaluation_items;personnel_evaluation_reports;personnel_evaluations;personnel_qualification_reviews;profiles;program_coordinator_assignments","WRITE_OR_ACTION","Controller/filter enforced; inspect mapped action"
"/api/v1/hr/evaluations/(:segment)/report","GET","Api\HREvaluationController::getReport/$1","backend/app/Controllers/Api/HREvaluationController.php","AuthenticatedActorService;HREvaluationService;ReviewerResolverService","colleges;dean_assignments;departments;personnel_evaluation_deficiency_requests;personnel_evaluation_events;personnel_evaluation_items;personnel_evaluation_reports;personnel_evaluations;personnel_qualification_reviews;profiles;program_coordinator_assignments","READ","Controller/filter enforced; inspect mapped action"
"/api/v1/hr/evaluations/(:segment)/deficiencies","POST","Api\HREvaluationController::createDeficiency/$1","backend/app/Controllers/Api/HREvaluationController.php","AuthenticatedActorService;HREvaluationService;ReviewerResolverService","colleges;dean_assignments;departments;personnel_evaluation_deficiency_requests;personnel_evaluation_events;personnel_evaluation_items;personnel_evaluation_reports;personnel_evaluations;personnel_qualification_reviews;profiles;program_coordinator_assignments","WRITE_OR_ACTION","Controller/filter enforced; inspect mapped action"
"/api/v1/hr/evaluations/(:segment)/deficiencies","GET","Api\HREvaluationController::listDeficiencies/$1","backend/app/Controllers/Api/HREvaluationController.php","AuthenticatedActorService;HREvaluationService;ReviewerResolverService","colleges;dean_assignments;departments;personnel_evaluation_deficiency_requests;personnel_evaluation_events;personnel_evaluation_items;personnel_evaluation_reports;personnel_evaluations;personnel_qualification_reviews;profiles;program_coordinator_assignments","READ","Controller/filter enforced; inspect mapped action"
"/api/v1/hr/evaluations/(:segment)/deficiencies/(:segment)/respond","POST","Api\HREvaluationController::respondDeficiency/$1/$2","backend/app/Controllers/Api/HREvaluationController.php","AuthenticatedActorService;HREvaluationService;ReviewerResolverService","colleges;dean_assignments;departments;personnel_evaluation_deficiency_requests;personnel_evaluation_events;personnel_evaluation_items;personnel_evaluation_reports;personnel_evaluations;personnel_qualification_reviews;profiles;program_coordinator_assignments","WRITE_OR_ACTION","Controller/filter enforced; inspect mapped action"
"/api/v1/hr/evaluations/(:segment)/deficiencies/(:segment)/resolve","POST","Api\HREvaluationController::resolveDeficiency/$1/$2","backend/app/Controllers/Api/HREvaluationController.php","AuthenticatedActorService;HREvaluationService;ReviewerResolverService","colleges;dean_assignments;departments;personnel_evaluation_deficiency_requests;personnel_evaluation_events;personnel_evaluation_items;personnel_evaluation_reports;personnel_evaluations;personnel_qualification_reviews;profiles;program_coordinator_assignments","WRITE_OR_ACTION","Controller/filter enforced; inspect mapped action"
"/api/v1/hr/evaluations/(:segment)/deficiencies/(:segment)/cancel","POST","Api\HREvaluationController::cancelDeficiency/$1/$2","backend/app/Controllers/Api/HREvaluationController.php","AuthenticatedActorService;HREvaluationService;ReviewerResolverService","colleges;dean_assignments;departments;personnel_evaluation_deficiency_requests;personnel_evaluation_events;personnel_evaluation_items;personnel_evaluation_reports;personnel_evaluations;personnel_qualification_reviews;profiles;program_coordinator_assignments","WRITE_OR_ACTION","Controller/filter enforced; inspect mapped action"
"/api/v1/portfolio/categories","GET","Api\StudentPortfolioController::categories","backend/app/Controllers/Api/StudentPortfolioController.php","AuthorizationService;LocalEvidenceStorageService","academic_programs;notifications;portfolio_categories;portfolio_subcategories;profiles;student_portfolio_evidence;student_portfolio_records;student_portfolio_verification_events;student_program_enrollments","READ","Controller/filter enforced; inspect mapped action"
"/api/v1/portfolio","GET","Api\StudentPortfolioController::index","backend/app/Controllers/Api/StudentPortfolioController.php","AuthorizationService;LocalEvidenceStorageService","academic_programs;notifications;portfolio_categories;portfolio_subcategories;profiles;student_portfolio_evidence;student_portfolio_records;student_portfolio_verification_events;student_program_enrollments","READ","Controller/filter enforced; inspect mapped action"
"/api/v1/portfolio","POST","Api\StudentPortfolioController::create","backend/app/Controllers/Api/StudentPortfolioController.php","AuthorizationService;LocalEvidenceStorageService","academic_programs;notifications;portfolio_categories;portfolio_subcategories;profiles;student_portfolio_evidence;student_portfolio_records;student_portfolio_verification_events;student_program_enrollments","WRITE_OR_ACTION","Controller/filter enforced; inspect mapped action"
"/api/v1/portfolio/(:segment)","GET","Api\StudentPortfolioController::get/$1","backend/app/Controllers/Api/StudentPortfolioController.php","AuthorizationService;LocalEvidenceStorageService","academic_programs;notifications;portfolio_categories;portfolio_subcategories;profiles;student_portfolio_evidence;student_portfolio_records;student_portfolio_verification_events;student_program_enrollments","READ","Controller/filter enforced; inspect mapped action"
"/api/v1/portfolio/(:segment)/evidence","POST","Api\StudentPortfolioController::addEvidence/$1","backend/app/Controllers/Api/StudentPortfolioController.php","AuthorizationService;LocalEvidenceStorageService","academic_programs;notifications;portfolio_categories;portfolio_subcategories;profiles;student_portfolio_evidence;student_portfolio_records;student_portfolio_verification_events;student_program_enrollments","WRITE_OR_ACTION","Controller/filter enforced; inspect mapped action"
"/api/v1/portfolio/(:segment)/verify","POST","Api\StudentPortfolioController::verifyRecord/$1","backend/app/Controllers/Api/StudentPortfolioController.php","AuthorizationService;LocalEvidenceStorageService","academic_programs;notifications;portfolio_categories;portfolio_subcategories;profiles;student_portfolio_evidence;student_portfolio_records;student_portfolio_verification_events;student_program_enrollments","WRITE_OR_ACTION","Controller/filter enforced; inspect mapped action"
"/api/v1/portfolio/(:segment)/request-revision","POST","Api\StudentPortfolioController::requestRevision/$1","backend/app/Controllers/Api/StudentPortfolioController.php","AuthorizationService;LocalEvidenceStorageService","academic_programs;notifications;portfolio_categories;portfolio_subcategories;profiles;student_portfolio_evidence;student_portfolio_records;student_portfolio_verification_events;student_program_enrollments","WRITE_OR_ACTION","Controller/filter enforced; inspect mapped action"
"/api/v1/portfolio/(:segment)/reject","POST","Api\StudentPortfolioController::rejectRecord/$1","backend/app/Controllers/Api/StudentPortfolioController.php","AuthorizationService;LocalEvidenceStorageService","academic_programs;notifications;portfolio_categories;portfolio_subcategories;profiles;student_portfolio_evidence;student_portfolio_records;student_portfolio_verification_events;student_program_enrollments","WRITE_OR_ACTION","Controller/filter enforced; inspect mapped action"
"/api/v1/portfolio/(:segment)/resubmit","POST","Api\StudentPortfolioController::resubmitRecord/$1","backend/app/Controllers/Api/StudentPortfolioController.php","AuthorizationService;LocalEvidenceStorageService","academic_programs;notifications;portfolio_categories;portfolio_subcategories;profiles;student_portfolio_evidence;student_portfolio_records;student_portfolio_verification_events;student_program_enrollments","WRITE_OR_ACTION","Controller/filter enforced; inspect mapped action"
"/api/v1/program-coordinator/verification-queue","GET","Api\StudentPortfolioController::coordinatorQueue","backend/app/Controllers/Api/StudentPortfolioController.php","AuthorizationService;LocalEvidenceStorageService","academic_programs;notifications;portfolio_categories;portfolio_subcategories;profiles;student_portfolio_evidence;student_portfolio_records;student_portfolio_verification_events;student_program_enrollments","READ","Controller/filter enforced; inspect mapped action"
"/api/v1/osad/colleges","GET","Api\CollegeController::index","backend/app/Controllers/Api/CollegeController.php","AuthenticatedActorService;AuthorizationService;CollegeService","academic_programs;colleges;personnel_program_affiliations;profiles;program_coordinator_assignments","READ","Controller/filter enforced; inspect mapped action"
"/api/v1/osad/colleges","POST","Api\CollegeController::create","backend/app/Controllers/Api/CollegeController.php","AuthenticatedActorService;AuthorizationService;CollegeService","academic_programs;colleges;personnel_program_affiliations;profiles;program_coordinator_assignments","WRITE_OR_ACTION","Controller/filter enforced; inspect mapped action"
"/api/v1/osad/colleges/(:segment)","GET","Api\CollegeController::show/$1","backend/app/Controllers/Api/CollegeController.php","AuthenticatedActorService;AuthorizationService;CollegeService","academic_programs;colleges;personnel_program_affiliations;profiles;program_coordinator_assignments","READ","Controller/filter enforced; inspect mapped action"
"/api/v1/osad/colleges/(:segment)/logo","GET","Api\CollegeController::logo/$1","backend/app/Controllers/Api/CollegeController.php","AuthenticatedActorService;AuthorizationService;CollegeService","academic_programs;colleges;personnel_program_affiliations;profiles;program_coordinator_assignments","READ","Controller/filter enforced; inspect mapped action"
"/api/v1/osad/academic-programs","GET","Api\CollegeController::listPrograms","backend/app/Controllers/Api/CollegeController.php","AuthenticatedActorService;AuthorizationService;CollegeService","academic_programs;colleges;personnel_program_affiliations;profiles;program_coordinator_assignments","READ","Controller/filter enforced; inspect mapped action"
"/api/v1/osad/academic-programs","POST","Api\CollegeController::createProgram","backend/app/Controllers/Api/CollegeController.php","AuthenticatedActorService;AuthorizationService;CollegeService","academic_programs;colleges;personnel_program_affiliations;profiles;program_coordinator_assignments","WRITE_OR_ACTION","Controller/filter enforced; inspect mapped action"
"/api/v1/osad/academic-programs/(:segment)","PUT","Api\CollegeController::updateProgram/$1","backend/app/Controllers/Api/CollegeController.php","AuthenticatedActorService;AuthorizationService;CollegeService","academic_programs;colleges;personnel_program_affiliations;profiles;program_coordinator_assignments","WRITE_OR_ACTION","Controller/filter enforced; inspect mapped action"
"/api/v1/osad/academic-programs/(:segment)","PATCH","Api\CollegeController::updateProgram/$1","backend/app/Controllers/Api/CollegeController.php","AuthenticatedActorService;AuthorizationService;CollegeService","academic_programs;colleges;personnel_program_affiliations;profiles;program_coordinator_assignments","WRITE_OR_ACTION","Controller/filter enforced; inspect mapped action"
"/api/v1/osad/colleges/(:segment)/coordinator-personnel","GET","Api\CollegeController::listCoordinatorPersonnel/$1","backend/app/Controllers/Api/CollegeController.php","AuthenticatedActorService;AuthorizationService;CollegeService","academic_programs;colleges;personnel_program_affiliations;profiles;program_coordinator_assignments","READ","Controller/filter enforced; inspect mapped action"
"/api/v1/osad/colleges/(:segment)/coordinator-personnel/(:segment)","GET","Api\CollegeController::getPersonnelCoordinatorContext/$1/$2","backend/app/Controllers/Api/CollegeController.php","AuthenticatedActorService;AuthorizationService;CollegeService","academic_programs;colleges;personnel_program_affiliations;profiles;program_coordinator_assignments","READ","Controller/filter enforced; inspect mapped action"
"/api/v1/osad/colleges/(:segment)/coordinator-personnel/(:segment)","PUT","Api\CollegeController::updatePersonnelCoordinatorAssignments/$1/$2","backend/app/Controllers/Api/CollegeController.php","AuthenticatedActorService;AuthorizationService;CollegeService","academic_programs;colleges;personnel_program_affiliations;profiles;program_coordinator_assignments","WRITE_OR_ACTION","Controller/filter enforced; inspect mapped action"
"/api/v1/osad/colleges/(:segment)/reassign-coordinator","POST","Api\CollegeController::reassignCoordinator/$1","backend/app/Controllers/Api/CollegeController.php","AuthenticatedActorService;AuthorizationService;CollegeService","academic_programs;colleges;personnel_program_affiliations;profiles;program_coordinator_assignments","WRITE_OR_ACTION","Controller/filter enforced; inspect mapped action"
"/api/v1/osad/organizations","GET","Api\OrganizationController::index","backend/app/Controllers/Api/OrganizationController.php","AuthenticatedActorService;AuthorizationService;OrganizationService","academic_programs;colleges;organization_moderator_assignments;organization_program_affiliations;organizations;profiles","READ","Controller/filter enforced; inspect mapped action"
"/api/v1/osad/organizations","POST","Api\OrganizationController::create","backend/app/Controllers/Api/OrganizationController.php","AuthenticatedActorService;AuthorizationService;OrganizationService","academic_programs;colleges;organization_moderator_assignments;organization_program_affiliations;organizations;profiles","WRITE_OR_ACTION","Controller/filter enforced; inspect mapped action"
"/api/v1/osad/organizations/(:segment)","GET","Api\OrganizationController::show/$1","backend/app/Controllers/Api/OrganizationController.php","AuthenticatedActorService;AuthorizationService;OrganizationService","academic_programs;colleges;organization_moderator_assignments;organization_program_affiliations;organizations;profiles","READ","Controller/filter enforced; inspect mapped action"
"/api/v1/osad/organizations/(:segment)/logo","GET","Api\OrganizationController::logo/$1","backend/app/Controllers/Api/OrganizationController.php","AuthenticatedActorService;AuthorizationService;OrganizationService","academic_programs;colleges;organization_moderator_assignments;organization_program_affiliations;organizations;profiles","READ","Controller/filter enforced; inspect mapped action"
"/api/v1/osad/organizations/(:segment)/logo","POST","Api\OrganizationController::updateLogo/$1","backend/app/Controllers/Api/OrganizationController.php","AuthenticatedActorService;AuthorizationService;OrganizationService","academic_programs;colleges;organization_moderator_assignments;organization_program_affiliations;organizations;profiles","WRITE_OR_ACTION","Controller/filter enforced; inspect mapped action"
"/api/v1/osad/organizations/(:segment)/logo","DELETE","Api\OrganizationController::deleteLogo/$1","backend/app/Controllers/Api/OrganizationController.php","AuthenticatedActorService;AuthorizationService;OrganizationService","academic_programs;colleges;organization_moderator_assignments;organization_program_affiliations;organizations;profiles","WRITE_OR_ACTION","Controller/filter enforced; inspect mapped action"
"/api/v1/osad/awards","GET","Api\AwardEvaluationController::listAwards","backend/app/Controllers/Api/AwardEvaluationController.php","AuthorizationService;AwardEligibilityService;AwardEvaluationService;AwardEvidenceMappingService;AwardPotentialCandidateService;AwardReviewService;AwardScoringService;CampusJournalismScoringService","academic_programs;award_criteria;award_criterion_components;award_cycles;award_definitions;award_evidence_mapping_rules;award_interview_eligibilities;award_portfolio_mappings;award_scoring_rules;colleges;dean_assignments;dean_student_nominations;portfolio_categories;profiles;student_award_criterion_scores;student_award_evaluations;student_award_score_evidence;student_portfolio_evidence;student_portfolio_records;student_program_enrollments","READ","Controller/filter enforced; inspect mapped action"
"/api/v1/osad/candidates","GET","Api\AwardEvaluationController::listAllCandidates","backend/app/Controllers/Api/AwardEvaluationController.php","AuthorizationService;AwardEligibilityService;AwardEvaluationService;AwardEvidenceMappingService;AwardPotentialCandidateService;AwardReviewService;AwardScoringService;CampusJournalismScoringService","academic_programs;award_criteria;award_criterion_components;award_cycles;award_definitions;award_evidence_mapping_rules;award_interview_eligibilities;award_portfolio_mappings;award_scoring_rules;colleges;dean_assignments;dean_student_nominations;portfolio_categories;profiles;student_award_criterion_scores;student_award_evaluations;student_award_score_evidence;student_portfolio_evidence;student_portfolio_records;student_program_enrollments","READ","Controller/filter enforced; inspect mapped action"
"/api/v1/osad/awards/(:segment)/evaluate","POST","Api\AwardEvaluationController::evaluateAward/$1","backend/app/Controllers/Api/AwardEvaluationController.php","AuthorizationService;AwardEligibilityService;AwardEvaluationService;AwardEvidenceMappingService;AwardPotentialCandidateService;AwardReviewService;AwardScoringService;CampusJournalismScoringService","academic_programs;award_criteria;award_criterion_components;award_cycles;award_definitions;award_evidence_mapping_rules;award_interview_eligibilities;award_portfolio_mappings;award_scoring_rules;colleges;dean_assignments;dean_student_nominations;portfolio_categories;profiles;student_award_criterion_scores;student_award_evaluations;student_award_score_evidence;student_portfolio_evidence;student_portfolio_records;student_program_enrollments","WRITE_OR_ACTION","Controller/filter enforced; inspect mapped action"
"/api/v1/osad/awards/(:segment)/candidate-threshold","PATCH","Api\AwardEvaluationController::updateCandidateThreshold/$1","backend/app/Controllers/Api/AwardEvaluationController.php","AuthorizationService;AwardEligibilityService;AwardEvaluationService;AwardEvidenceMappingService;AwardPotentialCandidateService;AwardReviewService;AwardScoringService;CampusJournalismScoringService","academic_programs;award_criteria;award_criterion_components;award_cycles;award_definitions;award_evidence_mapping_rules;award_interview_eligibilities;award_portfolio_mappings;award_scoring_rules;colleges;dean_assignments;dean_student_nominations;portfolio_categories;profiles;student_award_criterion_scores;student_award_evaluations;student_award_score_evidence;student_portfolio_evidence;student_portfolio_records;student_program_enrollments","WRITE_OR_ACTION","Controller/filter enforced; inspect mapped action"
"/api/v1/osad/awards/(:segment)/candidates","GET","Api\AwardEvaluationController::listCandidates/$1","backend/app/Controllers/Api/AwardEvaluationController.php","AuthorizationService;AwardEligibilityService;AwardEvaluationService;AwardEvidenceMappingService;AwardPotentialCandidateService;AwardReviewService;AwardScoringService;CampusJournalismScoringService","academic_programs;award_criteria;award_criterion_components;award_cycles;award_definitions;award_evidence_mapping_rules;award_interview_eligibilities;award_portfolio_mappings;award_scoring_rules;colleges;dean_assignments;dean_student_nominations;portfolio_categories;profiles;student_award_criterion_scores;student_award_evaluations;student_award_score_evidence;student_portfolio_evidence;student_portfolio_records;student_program_enrollments","READ","Controller/filter enforced; inspect mapped action"
"/api/v1/osad/awards/(:segment)/students-for-evaluation","GET","Api\AwardEvaluationController::studentsForEvaluation/$1","backend/app/Controllers/Api/AwardEvaluationController.php","AuthorizationService;AwardEligibilityService;AwardEvaluationService;AwardEvidenceMappingService;AwardPotentialCandidateService;AwardReviewService;AwardScoringService;CampusJournalismScoringService","academic_programs;award_criteria;award_criterion_components;award_cycles;award_definitions;award_evidence_mapping_rules;award_interview_eligibilities;award_portfolio_mappings;award_scoring_rules;colleges;dean_assignments;dean_student_nominations;portfolio_categories;profiles;student_award_criterion_scores;student_award_evaluations;student_award_score_evidence;student_portfolio_evidence;student_portfolio_records;student_program_enrollments","READ","Controller/filter enforced; inspect mapped action"
"/api/v1/osad/awards/(:segment)/students/(:segment)/evidence","GET","Api\AwardEvaluationController::studentAwardEvidence/$1/$2","backend/app/Controllers/Api/AwardEvaluationController.php","AuthorizationService;AwardEligibilityService;AwardEvaluationService;AwardEvidenceMappingService;AwardPotentialCandidateService;AwardReviewService;AwardScoringService;CampusJournalismScoringService","academic_programs;award_criteria;award_criterion_components;award_cycles;award_definitions;award_evidence_mapping_rules;award_interview_eligibilities;award_portfolio_mappings;award_scoring_rules;colleges;dean_assignments;dean_student_nominations;portfolio_categories;profiles;student_award_criterion_scores;student_award_evaluations;student_award_score_evidence;student_portfolio_evidence;student_portfolio_records;student_program_enrollments","READ","Controller/filter enforced; inspect mapped action"
"/api/v1/osad/awards/(:segment)/students/(:segment)/review","GET","Api\AwardEvaluationController::studentAwardReview/$1/$2","backend/app/Controllers/Api/AwardEvaluationController.php","AuthorizationService;AwardEligibilityService;AwardEvaluationService;AwardEvidenceMappingService;AwardPotentialCandidateService;AwardReviewService;AwardScoringService;CampusJournalismScoringService","academic_programs;award_criteria;award_criterion_components;award_cycles;award_definitions;award_evidence_mapping_rules;award_interview_eligibilities;award_portfolio_mappings;award_scoring_rules;colleges;dean_assignments;dean_student_nominations;portfolio_categories;profiles;student_award_criterion_scores;student_award_evaluations;student_award_score_evidence;student_portfolio_evidence;student_portfolio_records;student_program_enrollments","READ","Controller/filter enforced; inspect mapped action"
"/api/v1/osad/awards/(:segment)/students/(:segment)/manual-criteria","PATCH","Api\AwardEvaluationController::saveManualCriteria/$1/$2","backend/app/Controllers/Api/AwardEvaluationController.php","AuthorizationService;AwardEligibilityService;AwardEvaluationService;AwardEvidenceMappingService;AwardPotentialCandidateService;AwardReviewService;AwardScoringService;CampusJournalismScoringService","academic_programs;award_criteria;award_criterion_components;award_cycles;award_definitions;award_evidence_mapping_rules;award_interview_eligibilities;award_portfolio_mappings;award_scoring_rules;colleges;dean_assignments;dean_student_nominations;portfolio_categories;profiles;student_award_criterion_scores;student_award_evaluations;student_award_score_evidence;student_portfolio_evidence;student_portfolio_records;student_program_enrollments","WRITE_OR_ACTION","Controller/filter enforced; inspect mapped action"
"/api/v1/osad/awards/(:segment)/students/(:segment)/finalize","POST","Api\AwardEvaluationController::finalizeStudentAwardEvaluation/$1/$2","backend/app/Controllers/Api/AwardEvaluationController.php","AuthorizationService;AwardEligibilityService;AwardEvaluationService;AwardEvidenceMappingService;AwardPotentialCandidateService;AwardReviewService;AwardScoringService;CampusJournalismScoringService","academic_programs;award_criteria;award_criterion_components;award_cycles;award_definitions;award_evidence_mapping_rules;award_interview_eligibilities;award_portfolio_mappings;award_scoring_rules;colleges;dean_assignments;dean_student_nominations;portfolio_categories;profiles;student_award_criterion_scores;student_award_evaluations;student_award_score_evidence;student_portfolio_evidence;student_portfolio_records;student_program_enrollments","WRITE_OR_ACTION","Controller/filter enforced; inspect mapped action"
"/api/v1/osad/awards/(:segment)/students/(:segment)/recalculate","POST","Api\AwardEvaluationController::recalculatePortfolioScore/$1/$2","backend/app/Controllers/Api/AwardEvaluationController.php","AuthorizationService;AwardEligibilityService;AwardEvaluationService;AwardEvidenceMappingService;AwardPotentialCandidateService;AwardReviewService;AwardScoringService;CampusJournalismScoringService","academic_programs;award_criteria;award_criterion_components;award_cycles;award_definitions;award_evidence_mapping_rules;award_interview_eligibilities;award_portfolio_mappings;award_scoring_rules;colleges;dean_assignments;dean_student_nominations;portfolio_categories;profiles;student_award_criterion_scores;student_award_evaluations;student_award_score_evidence;student_portfolio_evidence;student_portfolio_records;student_program_enrollments","WRITE_OR_ACTION","Controller/filter enforced; inspect mapped action"
"/api/v1/osad/awards/(:segment)/students/(:segment)/classify","POST","Api\AwardEvaluationController::classifyPotentialCandidate/$1/$2","backend/app/Controllers/Api/AwardEvaluationController.php","AuthorizationService;AwardEligibilityService;AwardEvaluationService;AwardEvidenceMappingService;AwardPotentialCandidateService;AwardReviewService;AwardScoringService;CampusJournalismScoringService","academic_programs;award_criteria;award_criterion_components;award_cycles;award_definitions;award_evidence_mapping_rules;award_interview_eligibilities;award_portfolio_mappings;award_scoring_rules;colleges;dean_assignments;dean_student_nominations;portfolio_categories;profiles;student_award_criterion_scores;student_award_evaluations;student_award_score_evidence;student_portfolio_evidence;student_portfolio_records;student_program_enrollments","WRITE_OR_ACTION","Controller/filter enforced; inspect mapped action"
"/api/v1/osad/awards/(:segment)/students/(:segment)/candidate-status","GET","Api\AwardEvaluationController::studentCandidateStatus/$1/$2","backend/app/Controllers/Api/AwardEvaluationController.php","AuthorizationService;AwardEligibilityService;AwardEvaluationService;AwardEvidenceMappingService;AwardPotentialCandidateService;AwardReviewService;AwardScoringService;CampusJournalismScoringService","academic_programs;award_criteria;award_criterion_components;award_cycles;award_definitions;award_evidence_mapping_rules;award_interview_eligibilities;award_portfolio_mappings;award_scoring_rules;colleges;dean_assignments;dean_student_nominations;portfolio_categories;profiles;student_award_criterion_scores;student_award_evaluations;student_award_score_evidence;student_portfolio_evidence;student_portfolio_records;student_program_enrollments","READ","Controller/filter enforced; inspect mapped action"
"/api/v1/osad/awards/(:segment)/potential-candidates","GET","Api\AwardEvaluationController::listPotentialCandidates/$1","backend/app/Controllers/Api/AwardEvaluationController.php","AuthorizationService;AwardEligibilityService;AwardEvaluationService;AwardEvidenceMappingService;AwardPotentialCandidateService;AwardReviewService;AwardScoringService;CampusJournalismScoringService","academic_programs;award_criteria;award_criterion_components;award_cycles;award_definitions;award_evidence_mapping_rules;award_interview_eligibilities;award_portfolio_mappings;award_scoring_rules;colleges;dean_assignments;dean_student_nominations;portfolio_categories;profiles;student_award_criterion_scores;student_award_evaluations;student_award_score_evidence;student_portfolio_evidence;student_portfolio_records;student_program_enrollments","READ","Controller/filter enforced; inspect mapped action"
"/api/v1/osad/awards/(:segment)/evaluated-results","GET","Api\AwardEvaluationController::listEvaluatedResults/$1","backend/app/Controllers/Api/AwardEvaluationController.php","AuthorizationService;AwardEligibilityService;AwardEvaluationService;AwardEvidenceMappingService;AwardPotentialCandidateService;AwardReviewService;AwardScoringService;CampusJournalismScoringService","academic_programs;award_criteria;award_criterion_components;award_cycles;award_definitions;award_evidence_mapping_rules;award_interview_eligibilities;award_portfolio_mappings;award_scoring_rules;colleges;dean_assignments;dean_student_nominations;portfolio_categories;profiles;student_award_criterion_scores;student_award_evaluations;student_award_score_evidence;student_portfolio_evidence;student_portfolio_records;student_program_enrollments","READ","Controller/filter enforced; inspect mapped action"
"/api/v1/osad/awards/(:segment)/students/(:segment)/score","POST","Api\AwardEvaluationController::scoreStudentAward/$1/$2","backend/app/Controllers/Api/AwardEvaluationController.php","AuthorizationService;AwardEligibilityService;AwardEvaluationService;AwardEvidenceMappingService;AwardPotentialCandidateService;AwardReviewService;AwardScoringService;CampusJournalismScoringService","academic_programs;award_criteria;award_criterion_components;award_cycles;award_definitions;award_evidence_mapping_rules;award_interview_eligibilities;award_portfolio_mappings;award_scoring_rules;colleges;dean_assignments;dean_student_nominations;portfolio_categories;profiles;student_award_criterion_scores;student_award_evaluations;student_award_score_evidence;student_portfolio_evidence;student_portfolio_records;student_program_enrollments","WRITE_OR_ACTION","Controller/filter enforced; inspect mapped action"
"/api/v1/osad/awards/(:segment)/students/(:segment)/scoring-basis","GET","Api\AwardEvaluationController::studentScoringBasis/$1/$2","backend/app/Controllers/Api/AwardEvaluationController.php","AuthorizationService;AwardEligibilityService;AwardEvaluationService;AwardEvidenceMappingService;AwardPotentialCandidateService;AwardReviewService;AwardScoringService;CampusJournalismScoringService","academic_programs;award_criteria;award_criterion_components;award_cycles;award_definitions;award_evidence_mapping_rules;award_interview_eligibilities;award_portfolio_mappings;award_scoring_rules;colleges;dean_assignments;dean_student_nominations;portfolio_categories;profiles;student_award_criterion_scores;student_award_evaluations;student_award_score_evidence;student_portfolio_evidence;student_portfolio_records;student_program_enrollments","READ","Controller/filter enforced; inspect mapped action"
"/api/v1/osad/awards/(:segment)/students/(:segment)/basis","GET","Api\AwardEvaluationController::scoringBasis/$1/$2","backend/app/Controllers/Api/AwardEvaluationController.php","AuthorizationService;AwardEligibilityService;AwardEvaluationService;AwardEvidenceMappingService;AwardPotentialCandidateService;AwardReviewService;AwardScoringService;CampusJournalismScoringService","academic_programs;award_criteria;award_criterion_components;award_cycles;award_definitions;award_evidence_mapping_rules;award_interview_eligibilities;award_portfolio_mappings;award_scoring_rules;colleges;dean_assignments;dean_student_nominations;portfolio_categories;profiles;student_award_criterion_scores;student_award_evaluations;student_award_score_evidence;student_portfolio_evidence;student_portfolio_records;student_program_enrollments","READ","Controller/filter enforced; inspect mapped action"
"/api/v1/osad/awards/(:segment)/students/(:segment)/eligibility","GET","Api\AwardEvaluationController::studentAwardEligibility/$1/$2","backend/app/Controllers/Api/AwardEvaluationController.php","AuthorizationService;AwardEligibilityService;AwardEvaluationService;AwardEvidenceMappingService;AwardPotentialCandidateService;AwardReviewService;AwardScoringService;CampusJournalismScoringService","academic_programs;award_criteria;award_criterion_components;award_cycles;award_definitions;award_evidence_mapping_rules;award_interview_eligibilities;award_portfolio_mappings;award_scoring_rules;colleges;dean_assignments;dean_student_nominations;portfolio_categories;profiles;student_award_criterion_scores;student_award_evaluations;student_award_score_evidence;student_portfolio_evidence;student_portfolio_records;student_program_enrollments","READ","Controller/filter enforced; inspect mapped action"
"/api/v1/awards/campus-journalism/students/(:segment)/score","GET","Api\AwardEvaluationController::campusJournalismScore/$1","backend/app/Controllers/Api/AwardEvaluationController.php","AuthorizationService;AwardEligibilityService;AwardEvaluationService;AwardEvidenceMappingService;AwardPotentialCandidateService;AwardReviewService;AwardScoringService;CampusJournalismScoringService","academic_programs;award_criteria;award_criterion_components;award_cycles;award_definitions;award_evidence_mapping_rules;award_interview_eligibilities;award_portfolio_mappings;award_scoring_rules;colleges;dean_assignments;dean_student_nominations;portfolio_categories;profiles;student_award_criterion_scores;student_award_evaluations;student_award_score_evidence;student_portfolio_evidence;student_portfolio_records;student_program_enrollments","READ","Controller/filter enforced; inspect mapped action"
"/api/v1/awards/campus-journalism/candidates","GET","Api\AwardEvaluationController::campusJournalismCandidates","backend/app/Controllers/Api/AwardEvaluationController.php","AuthorizationService;AwardEligibilityService;AwardEvaluationService;AwardEvidenceMappingService;AwardPotentialCandidateService;AwardReviewService;AwardScoringService;CampusJournalismScoringService","academic_programs;award_criteria;award_criterion_components;award_cycles;award_definitions;award_evidence_mapping_rules;award_interview_eligibilities;award_portfolio_mappings;award_scoring_rules;colleges;dean_assignments;dean_student_nominations;portfolio_categories;profiles;student_award_criterion_scores;student_award_evaluations;student_award_score_evidence;student_portfolio_evidence;student_portfolio_records;student_program_enrollments","READ","Controller/filter enforced; inspect mapped action"
"/api/v1/osad/organizations/(:segment)/moderator","POST","Api\OrganizationController::assignModerator/$1","backend/app/Controllers/Api/OrganizationController.php","AuthenticatedActorService;AuthorizationService;OrganizationService","academic_programs;colleges;organization_moderator_assignments;organization_program_affiliations;organizations;profiles","WRITE_OR_ACTION","Controller/filter enforced; inspect mapped action"
"/api/v1/osad/organizations/(:segment)/moderator","DELETE","Api\OrganizationController::removeModerator/$1","backend/app/Controllers/Api/OrganizationController.php","AuthenticatedActorService;AuthorizationService;OrganizationService","academic_programs;colleges;organization_moderator_assignments;organization_program_affiliations;organizations;profiles","WRITE_OR_ACTION","Controller/filter enforced; inspect mapped action"
"/api/v1/osad/organizations/(:segment)/programs","POST","Api\OrganizationController::addPrograms/$1","backend/app/Controllers/Api/OrganizationController.php","AuthenticatedActorService;AuthorizationService;OrganizationService","academic_programs;colleges;organization_moderator_assignments;organization_program_affiliations;organizations;profiles","WRITE_OR_ACTION","Controller/filter enforced; inspect mapped action"
"/api/v1/osad/organizations/(:segment)/programs/(:segment)","DELETE","Api\OrganizationController::removeProgram/$1/$2","backend/app/Controllers/Api/OrganizationController.php","AuthenticatedActorService;AuthorizationService;OrganizationService","academic_programs;colleges;organization_moderator_assignments;organization_program_affiliations;organizations;profiles","WRITE_OR_ACTION","Controller/filter enforced; inspect mapped action"
"/api/v1/osad/organizations/(:segment)","PATCH","Api\OrganizationController::update/$1","backend/app/Controllers/Api/OrganizationController.php","AuthenticatedActorService;AuthorizationService;OrganizationService","academic_programs;colleges;organization_moderator_assignments;organization_program_affiliations;organizations;profiles","WRITE_OR_ACTION","Controller/filter enforced; inspect mapped action"
"/api/v1/osad/organizations/(:segment)","DELETE","Api\OrganizationController::delete/$1","backend/app/Controllers/Api/OrganizationController.php","AuthenticatedActorService;AuthorizationService;OrganizationService","academic_programs;colleges;organization_moderator_assignments;organization_program_affiliations;organizations;profiles","WRITE_OR_ACTION","Controller/filter enforced; inspect mapped action"
"/api/v1/dean/nominations","POST","Api\AwardEvaluationController::createDeanNomination","backend/app/Controllers/Api/AwardEvaluationController.php","AuthorizationService;AwardEligibilityService;AwardEvaluationService;AwardEvidenceMappingService;AwardPotentialCandidateService;AwardReviewService;AwardScoringService;CampusJournalismScoringService","academic_programs;award_criteria;award_criterion_components;award_cycles;award_definitions;award_evidence_mapping_rules;award_interview_eligibilities;award_portfolio_mappings;award_scoring_rules;colleges;dean_assignments;dean_student_nominations;portfolio_categories;profiles;student_award_criterion_scores;student_award_evaluations;student_award_score_evidence;student_portfolio_evidence;student_portfolio_records;student_program_enrollments","WRITE_OR_ACTION","Controller/filter enforced; inspect mapped action"
"/api/v1/evidence/student/(:segment)","GET","Api\EvidenceController::studentMetadata/$1","backend/app/Controllers/Api/EvidenceController.php","AuthorizationService;LocalEvidenceStorageService","personnel_accomplishment_evidence;personnel_accomplishments;student_portfolio_evidence;student_portfolio_records","READ","Controller/filter enforced; inspect mapped action"
"/api/v1/evidence/student/(:segment)/download","GET","Api\EvidenceController::studentDownload/$1","backend/app/Controllers/Api/EvidenceController.php","AuthorizationService;LocalEvidenceStorageService","personnel_accomplishment_evidence;personnel_accomplishments;student_portfolio_evidence;student_portfolio_records","READ","Controller/filter enforced; inspect mapped action"
"/api/v1/evidence/personnel/(:segment)","GET","Api\EvidenceController::personnelMetadata/$1","backend/app/Controllers/Api/EvidenceController.php","AuthorizationService;LocalEvidenceStorageService","personnel_accomplishment_evidence;personnel_accomplishments;student_portfolio_evidence;student_portfolio_records","READ","Controller/filter enforced; inspect mapped action"
"/api/v1/evidence/personnel/(:segment)/preview","GET","Api\EvidenceController::personnelPreview/$1","backend/app/Controllers/Api/EvidenceController.php","AuthorizationService;LocalEvidenceStorageService","personnel_accomplishment_evidence;personnel_accomplishments;student_portfolio_evidence;student_portfolio_records","READ","Controller/filter enforced; inspect mapped action"
"/api/v1/evidence/personnel/(:segment)/download","GET","Api\EvidenceController::personnelDownload/$1","backend/app/Controllers/Api/EvidenceController.php","AuthorizationService;LocalEvidenceStorageService","personnel_accomplishment_evidence;personnel_accomplishments;student_portfolio_evidence;student_portfolio_records","READ","Controller/filter enforced; inspect mapped action"
"/api/v1/faculty-ranks","GET","Api\FacultyRankCatalogController::listRanks","backend/app/Controllers/Api/FacultyRankCatalogController.php","AuthenticatedActorService;FacultyRankCatalogService;FacultyRankProgressionService","faculty_rank_catalog;faculty_rank_transitions;profiles","READ","Controller/filter enforced; inspect mapped action"
"/api/v1/faculty-ranks/hierarchy","GET","Api\FacultyRankCatalogController::getHierarchy","backend/app/Controllers/Api/FacultyRankCatalogController.php","AuthenticatedActorService;FacultyRankCatalogService;FacultyRankProgressionService","faculty_rank_catalog;faculty_rank_transitions;profiles","READ","Controller/filter enforced; inspect mapped action"
"/api/v1/faculty-ranks/validate-transition","POST","Api\FacultyRankCatalogController::validateTransition","backend/app/Controllers/Api/FacultyRankCatalogController.php","AuthenticatedActorService;FacultyRankCatalogService;FacultyRankProgressionService","faculty_rank_catalog;faculty_rank_transitions;profiles","WRITE_OR_ACTION","Controller/filter enforced; inspect mapped action"
"/api/v1/faculty-ranks/resolve-initial","POST","Api\FacultyInitialRankController::resolveInitial","backend/app/Controllers/Api/FacultyInitialRankController.php","AuthenticatedActorService;FacultyInitialRankService","personnel_profiles;profiles","WRITE_OR_ACTION","Controller/filter enforced; inspect mapped action"
"/api/v1/faculty-ranks/reconcile-current","POST","Api\FacultyInitialRankController::reconcileCurrent","backend/app/Controllers/Api/FacultyInitialRankController.php","AuthenticatedActorService;FacultyInitialRankService","personnel_profiles;profiles","WRITE_OR_ACTION","Controller/filter enforced; inspect mapped action"
"/api/v1/faculty-ranks/reconcile/(:segment)","GET","Api\FacultyInitialRankController::reconcilePersonnel/$1","backend/app/Controllers/Api/FacultyInitialRankController.php","AuthenticatedActorService;FacultyInitialRankService","personnel_profiles;profiles","READ","Controller/filter enforced; inspect mapped action"
"/api/v1/hr/personnel/(:segment)/rank-resolution","GET","Api\FacultyInitialRankController::reconcilePersonnel/$1","backend/app/Controllers/Api/FacultyInitialRankController.php","AuthenticatedActorService;FacultyInitialRankService","personnel_profiles;profiles","READ","Controller/filter enforced; inspect mapped action"
"/api/v1/faculty-ranks/(:segment)/next","GET","Api\FacultyRankCatalogController::getNextRank/$1","backend/app/Controllers/Api/FacultyRankCatalogController.php","AuthenticatedActorService;FacultyRankCatalogService;FacultyRankProgressionService","faculty_rank_catalog;faculty_rank_transitions;profiles","READ","Controller/filter enforced; inspect mapped action"
"/api/v1/faculty-ranks/(:segment)/transitions","GET","Api\FacultyRankCatalogController::getTransitions/$1","backend/app/Controllers/Api/FacultyRankCatalogController.php","AuthenticatedActorService;FacultyRankCatalogService;FacultyRankProgressionService","faculty_rank_catalog;faculty_rank_transitions;profiles","READ","Controller/filter enforced; inspect mapped action"
"/api/v1/faculty-ranks/(:segment)","GET","Api\FacultyRankCatalogController::getRank/$1","backend/app/Controllers/Api/FacultyRankCatalogController.php","AuthenticatedActorService;FacultyRankCatalogService;FacultyRankProgressionService","faculty_rank_catalog;faculty_rank_transitions;profiles","READ","Controller/filter enforced; inspect mapped action"
"/api/v1/faculty-ranks","POST","Api\FacultyRankCatalogController::mutate","backend/app/Controllers/Api/FacultyRankCatalogController.php","AuthenticatedActorService;FacultyRankCatalogService;FacultyRankProgressionService","faculty_rank_catalog;faculty_rank_transitions;profiles","WRITE_OR_ACTION","Controller/filter enforced; inspect mapped action"
"/api/v1/faculty-ranks/(:segment)","PUT","Api\FacultyRankCatalogController::mutate","backend/app/Controllers/Api/FacultyRankCatalogController.php","AuthenticatedActorService;FacultyRankCatalogService;FacultyRankProgressionService","faculty_rank_catalog;faculty_rank_transitions;profiles","WRITE_OR_ACTION","Controller/filter enforced; inspect mapped action"
"/api/v1/faculty-ranks/(:segment)","DELETE","Api\FacultyRankCatalogController::mutate","backend/app/Controllers/Api/FacultyRankCatalogController.php","AuthenticatedActorService;FacultyRankCatalogService;FacultyRankProgressionService","faculty_rank_catalog;faculty_rank_transitions;profiles","WRITE_OR_ACTION","Controller/filter enforced; inspect mapped action"
"/api/v1/hr/faculty-ranks","GET","Api\FacultyRankCatalogController::listRanks","backend/app/Controllers/Api/FacultyRankCatalogController.php","AuthenticatedActorService;FacultyRankCatalogService;FacultyRankProgressionService","faculty_rank_catalog;faculty_rank_transitions;profiles","READ","Controller/filter enforced; inspect mapped action"
"/api/v1/hr/faculty-ranks/hierarchy","GET","Api\FacultyRankCatalogController::getHierarchy","backend/app/Controllers/Api/FacultyRankCatalogController.php","AuthenticatedActorService;FacultyRankCatalogService;FacultyRankProgressionService","faculty_rank_catalog;faculty_rank_transitions;profiles","READ","Controller/filter enforced; inspect mapped action"
"/api/v1/faculty-titles/part-time","GET","Api\PartTimeFacultyTitleController::listTitles","backend/app/Controllers/Api/PartTimeFacultyTitleController.php","AuthenticatedActorService;PartTimeFacultyTitleService","faculty_rank_catalog;profiles","READ","Controller/filter enforced; inspect mapped action"
"/api/v1/faculty-titles/part-time/resolve","POST","Api\PartTimeFacultyTitleController::resolveTitle","backend/app/Controllers/Api/PartTimeFacultyTitleController.php","AuthenticatedActorService;PartTimeFacultyTitleService","faculty_rank_catalog;profiles","WRITE_OR_ACTION","Controller/filter enforced; inspect mapped action"
"/api/v1/faculty-titles/part-time/(:segment)","GET","Api\PartTimeFacultyTitleController::getTitle/$1","backend/app/Controllers/Api/PartTimeFacultyTitleController.php","AuthenticatedActorService;PartTimeFacultyTitleService","faculty_rank_catalog;profiles","READ","Controller/filter enforced; inspect mapped action"
"/api/v1/faculty-titles/part-time","POST","Api\PartTimeFacultyTitleController::mutate","backend/app/Controllers/Api/PartTimeFacultyTitleController.php","AuthenticatedActorService;PartTimeFacultyTitleService","faculty_rank_catalog;profiles","WRITE_OR_ACTION","Controller/filter enforced; inspect mapped action"
"/api/v1/faculty-titles/part-time/(:segment)","PUT","Api\PartTimeFacultyTitleController::mutate","backend/app/Controllers/Api/PartTimeFacultyTitleController.php","AuthenticatedActorService;PartTimeFacultyTitleService","faculty_rank_catalog;profiles","WRITE_OR_ACTION","Controller/filter enforced; inspect mapped action"
"/api/v1/faculty-titles/part-time/(:segment)","DELETE","Api\PartTimeFacultyTitleController::mutate","backend/app/Controllers/Api/PartTimeFacultyTitleController.php","AuthenticatedActorService;PartTimeFacultyTitleService","faculty_rank_catalog;profiles","WRITE_OR_ACTION","Controller/filter enforced; inspect mapped action"
